,Fuel_Type,Body_Type,Kilometers_Driven,Registration_Year,Car_Model,Ownership,Engine_Power,Mileage,City,Car_Price
0,Electric,Sedan,132118,2020,Civic,0,96,19.1661548789782,Hyderabad,1398166.5844858752
1,Hybrid,Sedan,73577,2009,Corolla,3,230,15.756856940965957,Bangalore,1325418.5230928995
2,Petrol,Sedan,14078,2004,A4,4,113,19.287075476205537,Chennai,1119810.6758877817
3,Electric,Convertible,161075,2003,X1,4,295,11.655113769014438,Jaipur,362799.4287607954
4,Electric,Coupe,67768,2005,Corolla,2,293,15.620966547908267,Kolkata,1239418.341583989
5,Hybrid,Convertible,56047,2003,Figo,2,471,21.10379953148279,Jaipur,1314612.9730086727
6,Petrol,Coupe,76626,2006,Civic,1,369,13.087123019913072,Hyderabad,1258898.5749263454
7,Petrol,Convertible,62660,2006,Figo,1,136,12.603461105803849,Delhi,910174.8423696313
8,Electric,Convertible,185858,2017,X1,4,266,23.31146123883004,Bangalore,579482.206379378
9,Diesel,SUV,137997,2002,Corolla,2,56,12.93856681420723,Chennai,1314395.9708264722
10,Electric,Convertible,122832,2000,X1,0,327,13.652860115102353,Bangalore,1172595.3716881662
12,Electric,SUV,130150,2003,A4,2,259,20.285919983710357,Chennai,486831.11730711954
13,Electric,Convertible,162087,2005,Civic,2,218,19.794351462329395,Delhi,570797.4996624661
14,Hybrid,Sedan,38320,2008,A4,1,379,21.940969373964137,Bangalore,554157.7798578033
15,Petrol,Hatchback,69881,2021,A4,3,187,11.62152315131512,Hyderabad,1251047.721145604
16,Hybrid,Hatchback,95827,2013,X1,4,490,19.8833873121201,Bangalore,524288.7557401417
17,Hybrid,Hatchback,107215,2011,Civic,2,440,17.051640530595343,Bangalore,379991.79578796733
18,Hybrid,SUV,162361,2019,Corolla,4,430,21.60810896397796,Bangalore,1498272.9679027544
20,Diesel,Convertible,161755,2003,Figo,4,279,18.68337895976477,Delhi,1302292.872190639
21,Petrol,Sedan,149701,2020,Corolla,3,357,16.688389769593503,Delhi,738440.2098607833
23,Hybrid,Hatchback,29826,2011,A4,3,50,20.75157969286564,Delhi,965544.589453374
24,Hybrid,Sedan,105734,2009,A4,0,285,18.799929609061962,Jaipur,1381957.4753836321
25,Diesel,SUV,162702,2021,A4,1,486,18.865684822531747,Kolkata,1411431.583697552
26,Diesel,Convertible,182235,2006,Civic,3,237,16.30395477364136,Hyderabad,310917.8175369312
27,Diesel,Hatchback,103511,2002,Corolla,0,467,17.43553294872539,Jaipur,390494.6111913459
28,Hybrid,Sedan,16653,2022,X1,2,53,20.440047326867024,Bangalore,600430.4754850266
29,Hybrid,SUV,164033,2013,Civic,2,450,21.563172867566855,Hyderabad,1103178.4996362021
31,Petrol,Sedan,38662,2009,X1,1,476,22.937021843839563,Delhi,851930.3415527553
32,Hybrid,Convertible,103818,2015,X1,2,267,21.484537234060813,Jaipur,1028367.7395291185
33,Diesel,Sedan,192518,2015,X1,1,309,17.86609305733326,Bangalore,526199.8233546733
34,Diesel,Hatchback,157360,2021,A4,2,50,19.399685017012317,Chennai,1265960.2006580224
35,Petrol,Sedan,100081,2009,X1,4,120,22.968315876896746,Chennai,1460793.7336241638
36,Hybrid,SUV,41877,2012,Corolla,3,227,18.668352619402818,Hyderabad,622318.719497517
37,Petrol,Sedan,116562,2005,X1,4,238,21.547297271717632,Delhi,893791.1419206556
38,Petrol,Convertible,151385,2011,A4,0,340,19.64334705025982,Chennai,403339.33260764857
39,Electric,Coupe,77715,2008,X1,2,57,17.72710905484653,Hyderabad,970963.9877555621
40,Electric,Sedan,146398,2012,Figo,0,302,13.385734735814943,Kolkata,903340.1302160167
41,Electric,Convertible,115091,2003,Figo,0,457,15.963965272557994,Hyderabad,473323.7809860931
43,Hybrid,SUV,84148,2010,Corolla,2,483,19.208715365816403,Hyderabad,700925.582503876
44,Hybrid,Convertible,88186,2019,Corolla,0,293,17.901535324745854,Bangalore,926197.0503662272
45,Hybrid,Convertible,162817,2017,Civic,3,172,23.061392757395183,Hyderabad,1002785.202514559
46,Hybrid,Convertible,167962,2010,A4,0,348,18.211164934524284,Jaipur,310194.6943286514
47,Electric,Convertible,156094,2020,X1,3,332,17.36515525784364,Hyderabad,1213207.1795394663
48,Diesel,Hatchback,128629,2003,A4,1,81,20.630351972102872,Bangalore,1155617.150234089
49,Diesel,Hatchback,188651,2017,Civic,0,383,19.977318665811623,Bangalore,739543.6634478266
50,Electric,SUV,75316,2000,A4,4,426,12.704240117718058,Kolkata,363523.1226825819
51,Diesel,Sedan,33380,2006,A4,1,195,16.598315844037696,Delhi,1205919.0477420604
52,Electric,Convertible,115198,2005,Civic,3,205,16.615216199474194,Chennai,1446210.192573759
53,Hybrid,Sedan,7356,2014,Corolla,1,462,15.295143213406828,Chennai,588181.915226417
54,Electric,Sedan,75326,2017,X1,0,65,17.242108750131543,Hyderabad,688229.5364844454
56,Hybrid,Convertible,119994,2010,Figo,2,96,12.790836852596563,Hyderabad,992323.3480138077
57,Petrol,Convertible,25049,2019,Corolla,3,300,15.773130821845534,Chennai,485809.6735769459
59,Petrol,Sedan,21082,2014,Corolla,2,80,18.06100207884176,Delhi,1136415.6167211155
60,Electric,Sedan,5661,2015,X1,3,309,21.951163685175565,Kolkata,972139.179611218
61,Electric,Hatchback,173484,2006,X1,1,470,20.154019180963772,Bangalore,763755.0771935224
62,Petrol,Coupe,7920,2020,A4,4,66,15.045516560757557,Delhi,804299.5221690503
63,Petrol,Hatchback,196387,2009,Figo,4,88,11.218996878082315,Kolkata,974533.0591478754
64,Electric,Hatchback,84561,2011,Corolla,1,353,12.83009158915379,Kolkata,307037.67346459354
66,Hybrid,SUV,181572,2013,Civic,0,481,12.89879916736246,Bangalore,1357509.681315614
67,Petrol,SUV,21309,2004,X1,1,88,17.615623557989544,Kolkata,393454.7869095489
68,Hybrid,Hatchback,60230,2020,Civic,3,181,13.242386346694584,Jaipur,1148164.3154526062
69,Diesel,Coupe,116822,2017,Corolla,1,79,21.88493417266502,Kolkata,1404045.796930863
70,Diesel,Sedan,166099,2004,X1,2,207,15.561800619766437,Delhi,624820.3251620773
71,Diesel,Coupe,117340,2002,X1,3,327,13.437708763222876,Chennai,744589.7244714171
72,Petrol,Convertible,64321,2022,Corolla,2,252,21.372566523458865,Hyderabad,982705.6870136595
73,Diesel,SUV,137028,2004,X1,3,115,14.79974550727631,Chennai,1358050.7635663017
75,Diesel,Sedan,183980,2016,X1,1,317,17.985732879650982,Bangalore,1187475.8977335216
76,Hybrid,Convertible,30963,2018,Figo,0,271,18.141898862131843,Bangalore,403943.71302563284
77,Hybrid,Convertible,106757,2018,A4,3,341,20.00573945330028,Kolkata,1102984.986641821
78,Electric,Hatchback,175515,2020,Civic,3,67,13.363072064917398,Jaipur,792364.4662471944
79,Hybrid,SUV,104259,2011,Figo,2,139,16.21279874729143,Bangalore,864841.1993892739
80,Electric,SUV,44063,2008,Corolla,4,230,13.953150866597188,Kolkata,358978.06841421244
81,Hybrid,Coupe,119225,2000,Civic,2,304,11.133352305619633,Chennai,529274.5672156299
82,Petrol,Hatchback,121400,2017,A4,2,302,22.272593578222484,Bangalore,1248616.3290403774
83,Hybrid,Hatchback,85818,2020,A4,4,306,20.204177262836776,Chennai,844750.5996574317
84,Electric,Hatchback,9703,2003,Corolla,0,432,14.22048283242321,Chennai,661994.6899573787
85,Electric,Hatchback,77099,2009,Corolla,2,491,18.39122190020781,Jaipur,760822.8887579498
86,Diesel,SUV,161921,2006,Civic,2,395,12.817693033882614,Bangalore,1325279.4159908162
87,Petrol,SUV,167932,2021,X1,3,136,22.463312705140794,Chennai,1198798.8208859484
88,Hybrid,Hatchback,36585,2022,Corolla,4,139,11.608688807066745,Jaipur,626778.4766172993
89,Diesel,Coupe,158087,2000,X1,1,286,10.053720037109212,Jaipur,441002.20825484797
90,Hybrid,Sedan,48585,2016,Figo,0,439,17.02811476834855,Bangalore,602397.8659728861
92,Diesel,Coupe,31017,2001,X1,4,93,18.10551448414126,Bangalore,997906.6054197064
93,Diesel,Hatchback,129677,2010,A4,3,249,10.763166984129569,Bangalore,940176.2504937394
94,Diesel,SUV,181422,2008,X1,3,201,14.396613296858055,Hyderabad,1015672.3196309538
95,Diesel,Sedan,148273,2006,Figo,4,135,16.988785255778645,Chennai,739233.9188958183
96,Diesel,Convertible,34426,2021,Corolla,3,68,13.032108598781372,Delhi,1268528.4243834154
97,Hybrid,Convertible,22778,2016,Figo,0,150,22.21676239680255,Bangalore,927943.4991602998
98,Diesel,Coupe,181313,2016,Corolla,0,451,11.219530052460076,Chennai,440097.4833225546
99,Petrol,Hatchback,47229,2001,Corolla,1,144,16.8233821834086,Jaipur,454878.1497948755
100,Electric,Sedan,91652,2005,A4,4,303,19.67982480518413,Kolkata,944230.9758031421
101,Diesel,Hatchback,133267,2013,Figo,2,406,13.664515401882754,Bangalore,1423884.261685007
102,Diesel,Sedan,184436,2005,X1,2,79,18.739370317965253,Jaipur,670022.5460114385
103,Hybrid,Coupe,131503,2001,Figo,1,298,21.611392101993246,Jaipur,1343449.402631062
104,Diesel,Coupe,89878,2000,A4,1,475,12.664717651330665,Jaipur,1216914.7038946552
105,Diesel,Convertible,62056,2009,Corolla,3,82,22.84108828554808,Jaipur,597374.9314882882
106,Diesel,Hatchback,163562,2020,A4,1,278,17.749819457273013,Jaipur,343608.8979794909
107,Hybrid,Convertible,24975,2004,Civic,1,61,14.189248060214847,Bangalore,422216.71817085927
108,Diesel,Hatchback,162795,2001,Civic,2,167,16.03201585535179,Delhi,1174192.7206169283
109,Electric,Convertible,159351,2021,X1,3,399,14.37068637300943,Hyderabad,539603.685648776
110,Hybrid,SUV,147633,2015,A4,1,204,20.151556239066423,Jaipur,745525.1046064725
111,Electric,SUV,93397,2001,X1,1,472,21.148209287811852,Jaipur,902038.9992077098
112,Hybrid,SUV,185225,2009,X1,3,442,21.661123492461254,Hyderabad,1170561.8021401954
113,Diesel,SUV,38142,2001,Civic,4,295,23.800755494200377,Bangalore,435877.4679109504
114,Electric,Sedan,31916,2015,X1,3,454,21.077980094953567,Chennai,787639.6863329539
115,Hybrid,SUV,69324,2015,Civic,2,381,18.419376989639886,Kolkata,882087.4909712345
116,Petrol,Coupe,181037,2018,Corolla,4,296,14.749084177484974,Kolkata,948992.4767658476
117,Diesel,Coupe,130932,2006,A4,0,78,17.62433628195049,Chennai,1282032.7696742602
118,Hybrid,Sedan,140720,2021,X1,3,210,10.574954419065676,Bangalore,506013.83405186026
119,Petrol,SUV,171205,2011,Civic,2,284,20.427551057418782,Kolkata,1269397.7421919466
121,Petrol,SUV,101059,2014,X1,3,166,10.280325216250628,Chennai,967044.9770387512
122,Diesel,Convertible,103317,2007,Corolla,1,320,10.875097181145751,Delhi,1139433.4444830865
123,Electric,Hatchback,40046,2005,Corolla,3,307,15.424530493504593,Bangalore,794421.2867419877
124,Petrol,Convertible,183136,2009,Figo,0,229,18.16790126625809,Chennai,466077.1031617495
125,Hybrid,Hatchback,106459,2002,Civic,3,422,16.498855285329775,Kolkata,1098918.2883184408
126,Diesel,SUV,50893,2018,X1,4,221,18.668860442090168,Bangalore,929606.7680227467
127,Petrol,SUV,106520,2016,Civic,4,487,16.72411962307898,Hyderabad,1067249.7606513305
128,Hybrid,Convertible,130818,2006,Corolla,3,323,19.263853836738853,Bangalore,705598.537234188
129,Hybrid,Convertible,66272,2020,Civic,4,308,13.067764905391211,Bangalore,1388239.8928078031
130,Hybrid,Hatchback,72649,2019,Corolla,1,184,11.5798046205707,Hyderabad,1004843.8422906924
131,Petrol,Coupe,69674,2003,Civic,3,220,18.350075364759242,Jaipur,402482.9811490486
132,Petrol,Hatchback,149832,2013,Figo,1,259,16.785653237108306,Hyderabad,839764.7888453144
133,Petrol,Convertible,157999,2019,A4,1,285,10.376147156629095,Bangalore,1207627.2656923612
134,Electric,Convertible,91475,2021,Figo,2,471,15.326746396902502,Hyderabad,1252961.474078727
135,Petrol,Sedan,66367,2014,Figo,3,470,11.485758196873936,Jaipur,893516.4633165105
137,Petrol,Sedan,126750,2007,A4,1,466,15.54088751524603,Hyderabad,621202.124633157
138,Electric,Coupe,123154,2020,X1,2,413,18.58412675544225,Hyderabad,792718.4366859199
139,Petrol,Hatchback,188305,2014,X1,3,492,21.278431062783337,Bangalore,1378316.2926827641
140,Hybrid,Hatchback,49738,2021,Figo,3,144,14.195361573780872,Chennai,1375508.0597658947
141,Petrol,Sedan,38397,2019,Figo,0,427,23.469429458310387,Delhi,1122855.3225896172
142,Hybrid,Hatchback,87189,2013,Corolla,0,60,17.49888300822604,Delhi,1330776.6565466642
143,Hybrid,Convertible,81367,2008,Corolla,1,117,18.656071182567032,Kolkata,406527.9203474792
144,Hybrid,SUV,125585,2007,X1,0,428,19.52941322516032,Hyderabad,1337993.9714493316
145,Electric,Sedan,81619,2016,X1,1,259,19.334241418006258,Hyderabad,684743.8878602721
146,Electric,Hatchback,116453,2001,Corolla,4,245,17.15359040263087,Chennai,513997.8149138596
148,Petrol,Sedan,178312,2002,Civic,0,147,10.752947498483291,Delhi,801562.2096166646
149,Hybrid,SUV,142348,2007,Civic,4,142,10.309201834216516,Kolkata,601430.4055253607
150,Electric,Convertible,84530,2011,Corolla,0,71,15.011456723458705,Chennai,684681.1032197988
151,Electric,Sedan,159571,2000,Civic,1,499,14.671252468871696,Hyderabad,461974.1832859705
152,Petrol,Hatchback,113856,2009,A4,2,221,15.427732167746093,Delhi,655412.1186707983
153,Electric,Coupe,76635,2019,X1,3,432,11.93715481243466,Kolkata,986740.5774504014
154,Petrol,Sedan,112803,2002,X1,0,183,20.33435578751581,Bangalore,830224.4497092768
155,Diesel,Sedan,40946,2005,Corolla,1,475,21.997501806867348,Delhi,716062.5134830934
156,Electric,SUV,60204,2006,Figo,4,74,23.14200489523649,Kolkata,1195742.5546285368
157,Diesel,Convertible,187958,2019,Corolla,0,234,16.893072249274763,Chennai,1372211.9656719815
158,Petrol,Coupe,20563,2022,Civic,0,134,19.812119787756,Bangalore,1208147.0674828766
159,Hybrid,Hatchback,97324,2017,Figo,3,104,21.977715728102215,Kolkata,698400.842541215
160,Electric,Coupe,14847,2010,Civic,1,300,15.856075555308802,Kolkata,1193330.6014050646
161,Petrol,Hatchback,31155,2018,A4,2,193,14.331779128186222,Hyderabad,482376.21896886145
162,Hybrid,Convertible,84671,2004,Civic,4,400,23.11414378194886,Jaipur,456381.58570954914
163,Hybrid,Hatchback,121891,2018,A4,1,447,17.219471715079024,Delhi,714752.4444433907
164,Diesel,SUV,88310,2010,A4,4,216,16.961554412272292,Hyderabad,1269242.8428528684
166,Hybrid,SUV,136691,2011,Civic,3,273,11.514170204026994,Jaipur,375904.0906784155
167,Electric,SUV,186180,2009,A4,3,269,21.78949607476916,Kolkata,458051.44224762614
168,Electric,Coupe,39707,2007,Figo,2,228,18.597864466625253,Hyderabad,1330493.9622354961
170,Hybrid,Hatchback,86537,2008,X1,0,482,12.68430704346373,Delhi,603841.396043972
171,Petrol,Hatchback,183686,2003,A4,2,314,17.776961922374838,Bangalore,966354.9903938177
172,Electric,SUV,96155,2004,Figo,1,491,18.174870049655894,Chennai,933095.5469104205
173,Hybrid,SUV,5281,2020,X1,3,478,12.897910417430815,Hyderabad,1086523.1741287936
174,Hybrid,Sedan,163492,2007,Corolla,2,199,21.919680470480635,Bangalore,579825.0653059396
175,Diesel,Convertible,175102,2022,Corolla,0,465,11.179701126181914,Chennai,1337283.5846332773
176,Electric,Coupe,137130,2008,Figo,4,264,14.985303192329903,Hyderabad,671242.2744960154
177,Electric,Hatchback,81260,2014,A4,4,246,19.52538179267531,Bangalore,1132957.9847714843
178,Petrol,Sedan,164476,2014,Civic,0,91,13.83768509346881,Bangalore,319349.57564665785
179,Electric,Sedan,165928,2015,Figo,0,102,21.587452726937805,Jaipur,747188.5558729767
180,Petrol,Hatchback,145272,2013,X1,4,492,20.35814957240565,Hyderabad,722051.7815505699
181,Electric,Coupe,69178,2007,X1,2,379,21.04631982367388,Bangalore,952181.3142996174
182,Diesel,Sedan,38997,2017,Corolla,4,300,11.667491502274029,Kolkata,387283.5141326358
183,Electric,Sedan,161683,2009,X1,0,344,11.967659791937601,Hyderabad,1248157.6484713298
184,Petrol,Convertible,124273,2019,Figo,3,427,14.01063232842417,Bangalore,561336.9621210822
185,Petrol,Coupe,177307,2005,X1,1,320,17.253080312765853,Jaipur,1112445.3778584122
186,Diesel,Sedan,171129,2011,Figo,3,462,20.472225073791634,Chennai,1263854.5478929118
187,Electric,Coupe,137311,2001,Civic,3,172,21.71143247065265,Chennai,974252.3474898158
188,Electric,Hatchback,131945,2006,Corolla,0,416,19.860694423400524,Kolkata,1189059.8480663826
189,Diesel,SUV,50272,2015,X1,4,436,23.000356341428937,Hyderabad,1094232.3746580067
190,Electric,Sedan,94393,2002,Figo,2,388,20.342409134623026,Jaipur,726635.7565824091
191,Electric,Convertible,66212,2012,A4,3,315,14.287750418064606,Bangalore,1270630.2468402784
192,Petrol,Hatchback,151470,2002,Corolla,4,397,13.711137980740016,Bangalore,653641.6438626335
193,Electric,Coupe,125030,2017,Civic,2,78,19.74669430421526,Chennai,985455.5013018206
194,Electric,Hatchback,61503,2010,Figo,3,84,12.7001879616546,Jaipur,1194477.2869698475
195,Diesel,Sedan,142710,2007,Civic,2,55,11.298007351343779,Kolkata,754747.0917750092
196,Diesel,Coupe,11570,2005,Civic,4,445,17.451120247986715,Chennai,663321.12914091
197,Hybrid,SUV,73785,2000,X1,1,160,21.502981976905374,Chennai,851215.2122073873
198,Petrol,Hatchback,14110,2000,X1,4,343,11.41931779457809,Kolkata,1281556.1932189842
199,Electric,Sedan,84141,2022,Figo,0,126,21.08647853314021,Hyderabad,1415906.1157747977
200,Electric,Convertible,17115,2007,A4,2,398,21.362008060921674,Bangalore,954100.0954318682
201,Hybrid,Coupe,44062,2004,Figo,1,196,16.75183600114161,Hyderabad,1093759.4463883822
202,Electric,Hatchback,27911,2015,A4,2,116,10.802344340146815,Jaipur,1383928.346686697
203,Petrol,Hatchback,109061,2010,Civic,2,441,12.44425791746061,Delhi,418256.22169553087
204,Hybrid,SUV,37556,2004,Corolla,3,57,19.90396785226705,Delhi,578494.293439398
205,Petrol,SUV,133335,2003,Figo,0,171,19.964891229873295,Delhi,1150680.0075018988
206,Hybrid,Convertible,6969,2005,Figo,2,389,22.576973852347315,Kolkata,1288493.3542947597
207,Hybrid,Convertible,48753,2013,A4,4,224,18.157606051764162,Chennai,1328434.8339966936
208,Diesel,Sedan,140542,2021,Civic,4,437,11.737503147992884,Hyderabad,798128.612225919
209,Petrol,Sedan,126863,2018,Civic,3,228,11.69980867706961,Bangalore,407207.8827502402
210,Electric,Convertible,15225,2008,A4,0,134,20.095853002995533,Delhi,825337.7727595438
211,Electric,Convertible,128008,2011,Civic,0,94,12.572985311510616,Hyderabad,576881.5082484646
212,Petrol,Coupe,159268,2010,X1,4,185,14.597396994632476,Delhi,649435.745995949
213,Electric,SUV,110823,2013,Corolla,1,392,16.820968096906796,Delhi,1226721.068205007
214,Electric,Sedan,18669,2022,Figo,3,65,10.346708286066116,Bangalore,390632.50323106424
215,Petrol,SUV,173452,2015,Corolla,3,382,13.483466378279047,Jaipur,1293097.4609768426
216,Hybrid,SUV,129398,2000,Figo,4,244,15.710454519101921,Jaipur,813202.9029890029
217,Petrol,Convertible,115677,2012,X1,4,58,13.914908458904888,Jaipur,1015276.7173207141
218,Hybrid,Coupe,53320,2022,Civic,1,365,11.909184584545923,Kolkata,407582.6774828148
219,Electric,Hatchback,183486,2020,A4,1,383,20.19217160914676,Chennai,704830.8940287356
220,Electric,Coupe,151649,2020,X1,0,382,21.38406717235179,Kolkata,407641.1028178149
221,Electric,Coupe,130354,2012,Corolla,3,376,13.604705666012148,Hyderabad,1453852.4674573315
222,Diesel,SUV,93009,2001,A4,3,64,20.841872924488246,Kolkata,1268713.9791915007
223,Hybrid,Coupe,191481,2003,Civic,4,376,15.397749901618393,Hyderabad,851559.3052277523
224,Diesel,Sedan,33625,2005,X1,0,151,17.093601071956037,Hyderabad,568323.0579884053
225,Diesel,SUV,29089,2022,A4,3,275,21.98401504850414,Chennai,1420146.1262998227
226,Petrol,Sedan,41487,2004,X1,0,474,20.499351545233708,Bangalore,713515.9148723661
227,Diesel,Hatchback,115448,2002,X1,0,327,21.27163591842649,Chennai,493181.3180248497
228,Petrol,SUV,55138,2000,Civic,4,457,11.915832332208996,Jaipur,975797.2661447459
229,Petrol,Hatchback,178895,2003,Figo,0,162,10.976071961672213,Jaipur,1432528.9444137793
230,Diesel,SUV,173280,2019,A4,1,477,22.50766620723182,Kolkata,304596.3486003871
231,Hybrid,Convertible,59061,2001,Civic,1,50,15.429679773995321,Hyderabad,585749.8119047985
232,Hybrid,Coupe,166731,2004,X1,2,315,14.030315492975532,Delhi,1426137.1684924893
233,Hybrid,Convertible,106376,2002,Civic,4,257,20.145747559665544,Delhi,505303.16022859444
234,Hybrid,Hatchback,167962,2008,Figo,2,159,21.709818352117992,Hyderabad,435892.1419677838
235,Hybrid,Coupe,84134,2019,A4,1,249,22.07485470657621,Chennai,984224.6589597653
236,Diesel,SUV,52055,2005,Figo,2,489,14.423959975753183,Bangalore,1334212.587953796
237,Diesel,Coupe,24508,2017,Corolla,4,418,21.930973476823436,Chennai,872531.7812327114
238,Electric,Sedan,178359,2005,A4,4,355,10.573075221240835,Hyderabad,1493477.1080214297
239,Hybrid,Coupe,163056,2018,Figo,0,61,10.695260880436065,Hyderabad,1115006.0394455914
240,Diesel,Sedan,115169,2011,X1,3,394,18.729268732438165,Bangalore,388889.88865253725
241,Electric,Coupe,13125,2010,A4,0,237,10.883489167617647,Kolkata,1491398.5580183705
242,Hybrid,Sedan,41059,2001,A4,4,203,14.544528359142262,Kolkata,789473.0841362285
243,Petrol,Hatchback,108409,2014,Civic,1,417,19.418583807456937,Bangalore,644883.0406145791
244,Electric,Convertible,153159,2011,X1,1,383,14.721736544759167,Kolkata,969455.0202934627
245,Diesel,SUV,10704,2011,Corolla,0,474,12.514396940161344,Delhi,665169.1101850371
246,Petrol,Coupe,196648,2008,Figo,4,469,13.938908705953782,Kolkata,403749.00854418275
247,Petrol,Convertible,116279,2020,Civic,1,426,16.406054651506047,Kolkata,301714.01169501204
249,Electric,SUV,123516,2001,Corolla,1,220,20.962003238860827,Delhi,1304236.1066719107
250,Diesel,Sedan,175954,2021,Corolla,4,183,20.502145212041174,Kolkata,986778.2227560919
251,Petrol,Hatchback,161995,2002,A4,2,476,16.395449263785892,Jaipur,1499048.7587321291
252,Hybrid,Hatchback,119044,2011,Corolla,4,74,21.8393428873828,Delhi,644215.97477664
253,Petrol,Convertible,34165,2015,Figo,4,67,11.599319940279543,Bangalore,636546.0777120665
254,Petrol,Hatchback,72203,2020,X1,0,239,13.574946903204621,Chennai,491699.35228073306
256,Electric,Hatchback,41321,2000,A4,3,92,15.291916540766143,Chennai,642223.9152120573
257,Diesel,Convertible,78297,2020,Figo,0,383,23.73654182311379,Bangalore,1251408.0543282325
258,Hybrid,Hatchback,101652,2002,Figo,3,333,16.527545941389697,Jaipur,1386908.1487637374
259,Electric,Coupe,104304,2019,Corolla,1,195,21.087098721492698,Chennai,1470104.6036492176
260,Petrol,Sedan,161498,2001,Figo,3,364,15.632298579353208,Chennai,578747.5849157432
261,Diesel,Convertible,22772,2008,Civic,4,493,15.949349266874027,Hyderabad,1357557.05473691
262,Petrol,Sedan,108754,2018,Corolla,3,368,15.360364061978569,Chennai,693906.1071328045
263,Petrol,Sedan,8712,2014,Civic,0,490,20.067058687151366,Chennai,435408.6534202613
264,Electric,Sedan,137439,2017,A4,0,141,17.66525037683992,Hyderabad,1344029.9106241986
265,Diesel,SUV,120142,2010,X1,3,228,23.212893559157166,Kolkata,1063326.7615723424
266,Hybrid,SUV,96736,2022,A4,0,105,13.512464431477467,Kolkata,497677.07529727404
267,Hybrid,Sedan,56924,2015,X1,0,204,11.40787824916822,Hyderabad,815797.509015603
268,Electric,Convertible,8726,2021,A4,3,209,15.505660791389012,Delhi,644709.2338524812
269,Electric,Coupe,94152,2016,Figo,2,160,18.633977907054863,Chennai,1184153.4824522363
270,Diesel,Coupe,32723,2004,Civic,2,186,22.05118511681693,Chennai,844099.4767491217
271,Hybrid,Hatchback,131969,2011,X1,1,281,14.846756413524588,Hyderabad,1487135.9341276619
272,Hybrid,Convertible,105494,2010,Corolla,0,269,19.153014515742463,Hyderabad,365693.97871151415
273,Hybrid,SUV,145180,2014,Civic,3,117,14.902781534325067,Delhi,726018.319363496
274,Petrol,Sedan,40643,2002,Corolla,0,351,18.64107416192241,Jaipur,878280.2005319729
275,Hybrid,Hatchback,167396,2000,Civic,4,298,22.387311258429115,Kolkata,903760.2656979837
276,Petrol,Coupe,108896,2019,Civic,0,372,13.239006991631726,Bangalore,679122.9868627641
277,Diesel,SUV,144999,2015,A4,0,459,15.659382989498548,Jaipur,1175088.2989170817
278,Petrol,SUV,98680,2001,X1,2,441,23.905712750016452,Kolkata,1349696.4881867697
279,Diesel,Sedan,101546,2001,X1,3,55,22.15979839549245,Chennai,1426463.1623734357
280,Hybrid,Coupe,158515,2002,Civic,0,329,17.904958010546828,Jaipur,1266112.0521594314
281,Hybrid,Convertible,84973,2007,Figo,2,481,17.232786285959854,Hyderabad,1320696.2367679193
283,Electric,Sedan,114834,2014,Corolla,2,478,17.240931987709413,Kolkata,1291065.8717121775
284,Diesel,Convertible,196305,2006,Corolla,2,318,21.87454097591926,Delhi,664204.6909775427
285,Electric,Coupe,30537,2005,A4,2,246,19.59244318588893,Kolkata,778174.5145310573
286,Petrol,SUV,82576,2008,Civic,0,74,14.060616394491813,Jaipur,680295.6165822532
287,Petrol,Convertible,112522,2019,Corolla,0,197,12.820494894749462,Chennai,860864.8025375105
288,Petrol,Convertible,27612,2000,Corolla,1,167,13.712919517955608,Bangalore,642695.5394863636
289,Hybrid,Convertible,11471,2007,Civic,4,387,12.376628819499572,Delhi,1453933.7307053362
290,Petrol,SUV,171703,2022,A4,4,416,11.338969744332022,Delhi,675413.5536068018
291,Electric,SUV,36348,2022,Corolla,4,387,15.867906442188769,Bangalore,417653.44573312777
292,Petrol,Hatchback,6177,2002,A4,1,115,11.586194461575747,Delhi,932180.5992604961
293,Diesel,Coupe,140832,2003,X1,4,350,12.40677580817946,Delhi,368518.89413421164
294,Diesel,Sedan,37779,2014,A4,4,419,17.662545580752806,Kolkata,432651.79957029666
295,Hybrid,Convertible,26636,2005,Figo,2,224,12.304389831794046,Kolkata,563267.2670354955
296,Diesel,Hatchback,86889,2014,Figo,0,368,10.89431674403264,Bangalore,857220.29985857
297,Electric,Sedan,58551,2020,A4,0,125,14.443443900390392,Chennai,819901.1187708335
298,Petrol,Hatchback,147628,2002,Figo,2,163,13.084467380707546,Jaipur,1259630.2344033495
299,Hybrid,SUV,163670,2020,X1,2,160,17.214272631921276,Jaipur,1187369.5846609361
300,Petrol,Convertible,147635,2020,Civic,2,298,11.433139184164931,Delhi,811581.9527888416
301,Petrol,Sedan,51819,2013,Figo,0,488,20.524791027561694,Chennai,700445.0490907559
302,Electric,Sedan,78770,2019,Figo,4,252,22.68726927209194,Bangalore,679762.5408737983
303,Diesel,Sedan,163038,2013,A4,2,196,20.40809243538672,Bangalore,1228794.1047528107
304,Diesel,Sedan,195961,2003,X1,1,84,17.45957852361952,Kolkata,362486.8874655237
305,Petrol,Sedan,163059,2011,Civic,2,358,22.04934950504439,Delhi,315385.979412727
306,Hybrid,Hatchback,83714,2016,A4,3,75,19.728857316941106,Hyderabad,1254653.2703119777
307,Diesel,Convertible,194420,2006,A4,2,287,10.147715714302658,Bangalore,872575.6511868591
308,Hybrid,SUV,29596,2008,X1,0,63,15.517262138843044,Delhi,457057.36626429117
309,Diesel,SUV,169246,2002,Civic,2,423,21.913326591695203,Chennai,582679.1215134015
310,Hybrid,SUV,69106,2012,X1,3,94,14.84202401165377,Kolkata,1419004.743716859
311,Electric,SUV,64182,2014,Civic,1,477,10.493012429357329,Jaipur,1331403.5707498775
312,Hybrid,Hatchback,92163,2017,X1,4,265,20.446514939731813,Chennai,1151742.0602687672
313,Electric,Coupe,44310,2018,A4,2,282,21.22853578396016,Bangalore,878670.2764047919
314,Electric,Convertible,61088,2000,A4,3,242,12.24831173060632,Bangalore,924388.3514296629
315,Hybrid,Sedan,133803,2005,Corolla,3,100,17.522766955804535,Chennai,1470293.4423407502
316,Electric,Coupe,144978,2022,Figo,1,476,12.68737614594016,Bangalore,1458924.5326611446
317,Petrol,SUV,41914,2001,X1,0,424,20.069281866618056,Delhi,558322.8549430012
319,Diesel,Convertible,50379,2013,Figo,3,200,14.427011715886621,Kolkata,536691.1994004202
320,Hybrid,Sedan,173722,2005,X1,1,489,21.82959195096142,Delhi,556244.9734607417
321,Petrol,Sedan,182953,2013,Civic,4,324,16.66851293089666,Hyderabad,1111311.6409974922
322,Hybrid,Convertible,51413,2003,Figo,3,387,19.37656231705547,Bangalore,786001.318305058
323,Diesel,Convertible,142084,2020,A4,1,125,15.633222710114547,Bangalore,1417853.2885278242
324,Diesel,SUV,186187,2007,Corolla,0,488,14.172096000712575,Kolkata,406811.6818752106
325,Diesel,Sedan,12151,2002,Figo,0,269,18.75669284594526,Kolkata,913830.7689713916
326,Electric,Coupe,62716,2018,Figo,3,397,12.168006037103499,Jaipur,1402225.8365317455
327,Electric,Hatchback,98747,2013,A4,3,493,15.221997697936082,Chennai,1384936.3925754062
328,Hybrid,Hatchback,172450,2019,X1,2,236,12.926518523402912,Chennai,487835.05609888944
329,Hybrid,Convertible,178724,2016,Civic,1,338,19.741129537170437,Chennai,739965.2401157478
330,Petrol,SUV,149539,2007,A4,3,452,23.218923736845504,Kolkata,1042945.6800560355
332,Hybrid,Sedan,126999,2013,X1,2,428,16.30387534618227,Chennai,1461626.6064548865
333,Electric,Convertible,119793,2005,Figo,3,229,13.535425454910222,Hyderabad,1397699.1944731923
334,Diesel,Coupe,190763,2022,Civic,0,302,16.199611185380537,Chennai,500340.214841363
335,Hybrid,Convertible,113177,2021,Corolla,1,175,21.861771739478133,Bangalore,445386.5535131825
336,Petrol,Coupe,17289,2015,Corolla,1,226,12.884079499728559,Jaipur,402490.17936991836
337,Electric,Convertible,181048,2018,A4,0,86,23.329339123140933,Kolkata,1391332.3968439572
338,Hybrid,Convertible,179668,2013,X1,3,459,14.786120763174115,Delhi,532348.5717545529
339,Hybrid,Convertible,159243,2018,A4,1,148,23.801251232304267,Jaipur,799541.9142532257
340,Electric,Coupe,91365,2002,A4,3,147,21.74052442547547,Hyderabad,838621.6387824037
341,Hybrid,Coupe,119014,2009,A4,3,176,21.319987478063464,Kolkata,1018813.253056281
342,Electric,Convertible,180211,2018,Corolla,2,217,14.45066543282597,Kolkata,386082.41249690996
343,Diesel,Hatchback,184785,2008,Corolla,0,129,10.122880967271012,Bangalore,572110.3408806191
344,Electric,SUV,165806,2019,A4,3,343,15.349860723563829,Jaipur,1417788.4643027112
345,Electric,SUV,77588,2012,Corolla,4,382,14.225331175277711,Jaipur,1390092.1287222835
346,Electric,SUV,68646,2006,X1,0,175,10.523557865723163,Chennai,1237548.7768868306
347,Hybrid,Coupe,8654,2013,A4,1,392,17.075113591083017,Bangalore,323281.4947418585
348,Hybrid,Coupe,23743,2008,Corolla,2,359,15.642438357958312,Chennai,692408.1221953225
349,Electric,Hatchback,53368,2022,Civic,1,199,18.88379054838135,Chennai,1053550.4824114894
350,Hybrid,SUV,142513,2018,A4,1,65,18.696608510717166,Kolkata,630228.2541281709
351,Petrol,SUV,124735,2014,A4,0,77,11.690452902553522,Jaipur,1391504.0340645327
352,Petrol,Convertible,160683,2019,X1,1,468,23.677517645772717,Chennai,1060667.3541989303
353,Hybrid,Coupe,124891,2013,Figo,3,493,12.617040012180258,Hyderabad,386288.06077973475
355,Electric,Hatchback,17149,2005,X1,2,95,16.83364560807229,Jaipur,1449319.989811467
356,Diesel,Hatchback,105102,2020,X1,2,377,21.382879160997682,Hyderabad,393254.9020700706
357,Hybrid,SUV,64189,2003,X1,4,285,11.389214345325055,Kolkata,938832.2818335779
358,Petrol,Coupe,157747,2007,Figo,2,488,16.001019908919446,Bangalore,664037.1386570046
359,Electric,Hatchback,76031,2016,X1,1,263,18.799030383306857,Delhi,771406.8917776828
360,Hybrid,Convertible,47668,2008,Corolla,2,134,13.012178702736778,Chennai,515581.4615464103
361,Petrol,Hatchback,149745,2000,A4,0,331,18.784550582725018,Delhi,993686.522414895
363,Diesel,Sedan,159741,2019,Civic,3,134,23.96525383641745,Bangalore,903687.1203259309
364,Electric,Coupe,170140,2013,Civic,0,458,10.45431507506946,Kolkata,399497.4976733774
365,Electric,SUV,145507,2010,A4,4,114,13.298235195425486,Hyderabad,1044001.60017289
366,Diesel,Coupe,188321,2020,Corolla,3,183,14.344299621083763,Hyderabad,708267.5933415084
367,Diesel,Coupe,42384,2002,Figo,1,200,15.587765406229526,Bangalore,1327110.2275095573
368,Electric,Coupe,86929,2008,Figo,1,164,13.391600206186745,Kolkata,821613.7779797643
369,Electric,Coupe,132959,2013,Corolla,1,113,12.848831923774375,Kolkata,531407.5307306948
370,Hybrid,Convertible,81153,2008,Figo,3,392,23.363753793845,Jaipur,529326.7472293739
371,Hybrid,Convertible,80388,2003,X1,3,476,22.85930243878725,Chennai,1222517.0168653924
372,Diesel,Hatchback,36401,2003,A4,3,412,10.657895014043644,Hyderabad,618705.1179688319
373,Hybrid,Sedan,124503,2007,A4,0,456,14.743382302467875,Bangalore,1220680.0729910675
374,Petrol,Coupe,132834,2001,Corolla,0,401,15.672079751497693,Jaipur,547064.7729199192
375,Hybrid,Hatchback,39084,2008,Figo,1,207,13.346203485323207,Delhi,686023.6424415712
376,Hybrid,Sedan,115641,2013,Civic,2,126,18.804220557834455,Hyderabad,858584.3669276392
377,Petrol,SUV,110111,2021,Civic,1,195,18.965330453019376,Chennai,1431835.0196321409
378,Diesel,Convertible,191898,2008,Figo,4,392,21.907059196600358,Kolkata,1418077.7097045896
380,Hybrid,SUV,143299,2022,Corolla,3,454,17.59602657752338,Hyderabad,729862.8494916874
381,Diesel,Sedan,167982,2015,Corolla,0,362,19.15021478062188,Delhi,479279.2661445268
382,Hybrid,Convertible,41041,2016,Figo,3,152,13.835842941602253,Chennai,911982.0951761965
383,Petrol,Convertible,93920,2015,Civic,4,456,18.302786659543006,Chennai,852699.0608335999
384,Petrol,Hatchback,70681,2011,Corolla,4,396,16.84918156649887,Jaipur,1380912.194940879
385,Hybrid,Coupe,86571,2002,Corolla,0,350,11.866822542429185,Hyderabad,1416006.4533492872
386,Electric,Sedan,132556,2010,X1,3,477,13.39561987216159,Delhi,760280.8692087505
387,Electric,Sedan,31160,2013,X1,4,137,14.083708310102205,Chennai,890085.5316227874
388,Petrol,SUV,22633,2017,Corolla,1,420,22.94033393873581,Bangalore,1375483.4989753596
389,Petrol,Convertible,22014,2020,Figo,1,352,13.225412951402452,Chennai,1268049.369294074
390,Electric,Sedan,85532,2020,A4,3,217,14.049414639475355,Delhi,304387.57361357915
391,Electric,Convertible,54104,2004,A4,0,484,15.170957821252053,Kolkata,684071.4770202991
392,Hybrid,Sedan,177693,2015,Corolla,4,219,19.29239834075542,Kolkata,806129.0903233511
393,Hybrid,Hatchback,82231,2019,Corolla,0,184,11.655337494609967,Jaipur,575659.540419878
394,Electric,Coupe,73388,2004,Corolla,1,99,23.355232974912866,Hyderabad,539485.9390751265
395,Hybrid,Sedan,21014,2002,Figo,4,481,22.117997081326703,Delhi,345341.4079148156
396,Hybrid,Convertible,97578,2011,X1,0,389,18.081025022125303,Jaipur,1072043.6700837128
397,Diesel,Hatchback,169827,2000,Corolla,2,396,19.436530143949394,Chennai,615012.3485797988
398,Hybrid,Sedan,45390,2020,Corolla,3,183,10.233246597419024,Chennai,362816.6141175757
399,Petrol,SUV,28711,2008,Civic,3,396,14.745226854878283,Kolkata,577175.1726336763
400,Hybrid,Coupe,96658,2008,Figo,2,186,21.139243229260188,Jaipur,1262296.7434033519
401,Hybrid,Sedan,62993,2003,Corolla,1,294,11.084761633093402,Kolkata,1321787.017975856
402,Electric,Hatchback,163285,2002,Civic,4,158,13.952393678950083,Bangalore,879679.4942319632
403,Petrol,SUV,193856,2016,A4,3,362,18.19415559668036,Kolkata,799284.8044904234
404,Hybrid,Hatchback,12421,2001,Corolla,2,336,13.589782387785185,Bangalore,1473424.432202138
406,Diesel,SUV,117418,2000,Civic,1,139,11.834820831260066,Jaipur,558431.1394255302
407,Hybrid,Hatchback,9358,2007,Figo,1,345,21.163521010708898,Bangalore,650240.6124436797
408,Hybrid,SUV,70108,2012,Corolla,0,161,17.111281686689715,Jaipur,507308.78193730477
409,Diesel,Sedan,99018,2022,A4,3,350,20.504630861479384,Jaipur,755238.7178450238
410,Electric,SUV,129457,2014,Corolla,0,126,14.350014596360264,Bangalore,1393001.0723877046
411,Hybrid,SUV,168189,2007,A4,2,226,17.202854432368543,Hyderabad,1038417.4087542892
412,Diesel,Coupe,36910,2011,X1,4,392,21.99569489612447,Kolkata,794335.8583347164
413,Petrol,SUV,131888,2021,X1,4,197,16.53629338772346,Bangalore,1421292.9534854577
414,Electric,SUV,60754,2011,A4,1,150,15.036078066743775,Chennai,358157.07897098677
415,Petrol,Sedan,198510,2013,Figo,4,295,17.506175407538304,Jaipur,552331.4134822336
416,Petrol,Coupe,114847,2014,Corolla,4,166,20.043078542509136,Delhi,979066.3261221108
417,Diesel,Convertible,165443,2014,Corolla,4,141,16.209886836979038,Bangalore,1038663.147831815
418,Hybrid,Sedan,187573,2008,X1,2,450,23.14427765199182,Kolkata,347469.00787513575
419,Diesel,Sedan,197018,2018,A4,4,77,14.129241536592788,Jaipur,783646.5094885586
420,Diesel,Convertible,43467,2019,Corolla,4,474,16.656490486367687,Hyderabad,1078984.7577970473
421,Diesel,SUV,153697,2021,Corolla,4,499,20.59698723078018,Chennai,1137684.6556840818
422,Diesel,Hatchback,38893,2007,Figo,0,74,19.647695266940616,Hyderabad,1065767.8830195232
423,Electric,Coupe,81329,2020,Civic,2,107,22.090974733840184,Delhi,684675.8692331095
424,Hybrid,Hatchback,36007,2018,X1,1,346,23.955328529535524,Bangalore,412224.1483174914
425,Petrol,Convertible,175604,2005,X1,0,183,15.976016603131253,Jaipur,812534.935703201
426,Petrol,Sedan,59253,2019,Civic,3,380,11.556112316966367,Bangalore,454505.32484166656
427,Hybrid,Sedan,17323,2018,Corolla,2,298,10.42582233131155,Kolkata,1437148.3902248004
428,Petrol,Coupe,116335,2003,Figo,2,87,20.1762766859568,Bangalore,870205.0392271539
429,Hybrid,Sedan,117356,2022,Figo,3,439,22.23619139832202,Chennai,680711.0092282412
430,Petrol,Sedan,115944,2006,X1,3,478,13.089976203221863,Delhi,1219564.8853426802
431,Diesel,Coupe,150282,2003,Figo,3,124,12.218272520658683,Hyderabad,897538.3110987167
432,Petrol,Coupe,21456,2021,Civic,1,191,10.870871281359674,Delhi,672040.8288149401
433,Hybrid,Convertible,36367,2011,Corolla,4,371,21.517840904040888,Jaipur,1274361.2908689622
434,Hybrid,Sedan,59624,2012,Civic,2,217,14.359347158496181,Bangalore,1340582.5812013464
435,Hybrid,Sedan,146178,2002,A4,4,308,15.62375649863687,Jaipur,1107609.7995464124
436,Hybrid,Convertible,73008,2021,X1,4,422,17.03850268253457,Hyderabad,356357.30688920076
437,Hybrid,SUV,130926,2011,Figo,3,404,21.75234527893371,Jaipur,979587.4561998385
438,Electric,SUV,120395,2001,A4,1,274,19.111665101860787,Kolkata,1215953.894396738
440,Petrol,Convertible,77240,2001,Corolla,1,68,12.45940939938275,Hyderabad,574404.9016615241
441,Hybrid,Sedan,69315,2022,Corolla,4,195,17.184658483937618,Hyderabad,1358994.1260817638
442,Petrol,Convertible,15756,2008,Corolla,1,497,20.015334240501172,Hyderabad,324146.06622368883
443,Hybrid,Convertible,41378,2000,Figo,3,290,23.625652362426884,Chennai,1203272.5653911713
444,Hybrid,SUV,140327,2007,A4,0,421,12.819688328986931,Delhi,868527.9510173075
445,Electric,Hatchback,150556,2022,Corolla,3,430,10.133606942941173,Jaipur,836126.5906075282
446,Electric,Sedan,130703,2005,A4,0,393,11.054220070378577,Hyderabad,308515.8389938646
447,Diesel,SUV,61549,2005,Figo,4,286,15.26193451254771,Delhi,1283277.8771597913
448,Electric,Hatchback,170575,2021,A4,0,84,21.48762506844382,Hyderabad,731789.8807638797
449,Diesel,Hatchback,78794,2017,Figo,0,239,10.09998914475543,Kolkata,948918.7575606515
450,Diesel,Coupe,50113,2016,Figo,0,50,16.394228300401764,Kolkata,1112760.8236027914
451,Diesel,Sedan,79069,2011,X1,1,202,14.609228614779523,Kolkata,1143155.4917254988
452,Diesel,Hatchback,141321,2005,Figo,1,478,10.734743941396186,Bangalore,1447176.0705912868
453,Diesel,SUV,155273,2007,Figo,4,482,16.30330801341664,Hyderabad,937607.9438839309
454,Petrol,Coupe,130541,2018,Civic,0,175,13.566481902714063,Bangalore,779663.4611693132
455,Electric,Sedan,194648,2009,Corolla,2,394,14.92638768085809,Delhi,1444444.3517900496
456,Diesel,Convertible,14686,2000,X1,4,449,19.8786142669801,Bangalore,1070532.2820306253
457,Hybrid,SUV,58363,2012,X1,0,275,17.301713774753537,Delhi,657780.4275318668
458,Electric,Hatchback,102543,2016,X1,0,270,11.745064005899387,Delhi,451757.0944842854
459,Electric,Hatchback,136733,2002,Civic,1,452,23.459803565930947,Delhi,1311065.4017582177
460,Diesel,SUV,180915,2007,Figo,4,456,18.902750719936336,Jaipur,734617.9233529819
461,Petrol,Hatchback,100673,2013,Corolla,0,260,20.722157959275442,Bangalore,1092563.6656373173
462,Diesel,Coupe,197035,2002,A4,0,74,11.10898410011719,Jaipur,864979.7032390777
463,Petrol,Sedan,47828,2015,Figo,4,65,10.658817312440265,Hyderabad,538715.735754046
464,Hybrid,Coupe,53604,2012,Civic,2,231,10.272272705153137,Bangalore,1022023.9303445581
465,Electric,Hatchback,15526,2019,Figo,4,378,12.643116388828222,Hyderabad,372819.68274081877
467,Petrol,Sedan,30592,2016,Civic,2,91,23.101565867639522,Delhi,955937.9275964053
468,Petrol,Sedan,33982,2012,X1,4,452,16.398835229720866,Bangalore,823256.3689422949
469,Hybrid,SUV,5207,2005,X1,0,467,14.063571475215412,Hyderabad,1198406.6103011891
470,Petrol,SUV,93733,2016,Corolla,4,385,17.86709354927529,Kolkata,1293509.945454375
471,Hybrid,Convertible,129982,2013,Corolla,2,285,11.567084093887049,Hyderabad,1225491.6888398137
472,Electric,Sedan,73619,2016,X1,3,409,18.533082474069765,Kolkata,346575.5373741625
473,Hybrid,Convertible,165400,2007,A4,4,488,17.958047360627045,Bangalore,532954.5245351667
474,Electric,SUV,51479,2010,Figo,1,451,21.087902467679935,Jaipur,943929.0111165292
475,Hybrid,SUV,156175,2019,A4,0,83,23.813626562638337,Bangalore,1421786.4485325615
476,Petrol,Sedan,175963,2000,Figo,0,394,13.512228604025548,Jaipur,1301948.13006254
477,Hybrid,Coupe,146826,2006,X1,1,430,17.13519031125265,Jaipur,1311041.410022162
478,Petrol,Hatchback,86437,2020,Corolla,1,94,22.72411568846605,Bangalore,663849.8325116099
479,Hybrid,SUV,103540,2020,Corolla,4,183,20.992658381919778,Hyderabad,815337.4764944431
480,Hybrid,SUV,77982,2016,A4,1,70,16.823688243411304,Chennai,864847.1367791248
481,Diesel,Coupe,107747,2009,Corolla,3,171,23.235203094606888,Hyderabad,488845.9000198925
482,Petrol,Coupe,191994,2010,X1,2,119,10.80131370923533,Hyderabad,337281.7562933476
483,Diesel,Convertible,53231,2021,A4,1,401,23.033980675976174,Delhi,1436283.4793526202
484,Petrol,Convertible,34301,2008,Figo,1,410,10.707103493359291,Delhi,588855.1027962081
485,Diesel,Hatchback,198783,2008,Corolla,3,97,17.66226641760558,Hyderabad,587938.6844683576
487,Hybrid,Sedan,23752,2004,Corolla,0,336,13.67809320985824,Jaipur,1414209.3023325342
488,Petrol,Convertible,103452,2016,Figo,4,59,16.611478985232218,Delhi,995684.5379277264
489,Petrol,SUV,149467,2008,A4,3,79,14.540604307917533,Hyderabad,1100444.2285504248
490,Hybrid,Convertible,126237,2016,Figo,2,293,23.33001483906892,Chennai,1393892.264715663
492,Petrol,Coupe,96878,2020,X1,3,493,19.926021158569313,Bangalore,1045808.773365701
493,Diesel,Convertible,9895,2018,Corolla,2,137,18.226777812611523,Hyderabad,346559.34567466495
494,Petrol,Coupe,124968,2006,A4,0,293,21.488285050538074,Hyderabad,524127.03387735516
495,Electric,Hatchback,120700,2022,X1,2,430,15.49173858132966,Jaipur,1297494.966107931
496,Electric,Hatchback,81559,2008,Figo,2,378,16.265725971484866,Kolkata,1220122.027606003
497,Hybrid,Sedan,15699,2006,A4,3,64,20.22002409513206,Delhi,720771.2297485762
498,Petrol,Convertible,14715,2012,X1,3,53,15.008566686112,Delhi,752172.7533290549
499,Hybrid,Coupe,24169,2010,A4,2,240,10.894613188677233,Delhi,940265.3202642953
500,Electric,SUV,123413,2013,Civic,1,217,11.040684524405,Bangalore,300289.20562216145
501,Petrol,Hatchback,152235,2018,Civic,3,58,11.615079218279854,Kolkata,589493.2032456335
502,Petrol,Hatchback,124264,2010,Corolla,4,158,22.17553852681128,Kolkata,549878.1703298574
503,Hybrid,SUV,10782,2012,Corolla,4,186,16.61116996058686,Delhi,600579.5360997161
504,Electric,Coupe,129481,2013,Civic,0,203,19.980353170826312,Delhi,1267087.0110401297
505,Petrol,Coupe,40585,2012,A4,2,437,15.500730698468505,Jaipur,635608.6278557319
506,Hybrid,Convertible,35682,2000,Civic,1,258,13.621953263818883,Chennai,529825.5864601778
507,Electric,Convertible,183936,2007,Corolla,0,321,14.860690345870967,Chennai,905116.1529516379
508,Hybrid,Sedan,134992,2011,Civic,2,192,21.11855283444057,Hyderabad,1338774.0436472783
509,Diesel,Hatchback,89416,2018,Civic,3,148,18.753025750440134,Hyderabad,589619.6446049998
510,Petrol,Convertible,191186,2011,A4,4,426,23.12695691941063,Kolkata,394243.4913513584
511,Diesel,Coupe,132810,2007,X1,1,357,19.515866900075675,Kolkata,727685.6830195977
512,Electric,SUV,43067,2007,Corolla,4,118,17.982542844565714,Bangalore,1197182.1894779734
513,Diesel,Coupe,178757,2020,A4,3,296,18.542744125801683,Bangalore,960828.6536337535
514,Diesel,Hatchback,23073,2012,Civic,2,310,23.193200152557804,Chennai,1280152.0434892168
515,Electric,Coupe,41035,2011,Civic,3,325,21.034813018133885,Hyderabad,1451510.5771310807
516,Hybrid,Sedan,95373,2015,X1,3,128,10.336577323130129,Chennai,1251194.9721019403
517,Diesel,Hatchback,88362,2000,Corolla,4,195,17.477955745899763,Chennai,1024563.6946125041
518,Hybrid,SUV,95517,2012,Corolla,1,160,19.636737761651908,Hyderabad,892009.9056628565
519,Diesel,Sedan,70450,2006,Figo,3,307,20.48177869814817,Bangalore,348082.90361792
520,Hybrid,Hatchback,15382,2004,Corolla,4,142,12.983989670395113,Jaipur,1481186.3745768496
521,Electric,SUV,140509,2007,X1,1,62,22.14048296231893,Jaipur,760177.347090051
522,Diesel,Sedan,66929,2013,Figo,2,309,23.381804060452293,Jaipur,482673.85670024017
523,Electric,Sedan,103864,2022,Figo,2,475,13.314014281828177,Hyderabad,1100050.6264757481
524,Diesel,Hatchback,148401,2012,Civic,0,158,22.35661640524144,Delhi,641145.9469145512
525,Electric,Convertible,30169,2014,Civic,4,379,11.357702675225335,Delhi,1002933.9251172572
526,Electric,Sedan,92468,2022,Corolla,1,238,10.779895705613432,Delhi,1004121.4894135095
527,Diesel,Sedan,39594,2016,Figo,3,144,11.809133201438492,Kolkata,834875.785083443
528,Diesel,SUV,196703,2014,Civic,2,154,10.808375112538505,Bangalore,1303342.338654051
529,Diesel,Coupe,50033,2019,X1,1,57,21.830171320180863,Bangalore,617960.4738665316
530,Petrol,Hatchback,68133,2017,Civic,4,116,10.826702022415807,Kolkata,838359.109941281
531,Hybrid,Hatchback,78861,2017,Civic,0,240,13.803298679091178,Chennai,945230.5543091658
532,Petrol,Convertible,188362,2001,Figo,2,415,11.45258880950199,Jaipur,1096349.6649207594
533,Petrol,Convertible,36750,2003,Figo,1,305,14.13590850839271,Delhi,1240766.2206067075
534,Electric,Hatchback,45461,2000,A4,1,58,11.267832546412887,Jaipur,773768.7394539074
535,Diesel,Convertible,83222,2003,X1,1,166,19.352045510402196,Delhi,1075256.3329159152
536,Hybrid,SUV,117020,2017,Figo,4,316,11.866575428796052,Jaipur,480733.14368222293
537,Electric,Hatchback,29226,2004,Corolla,4,148,21.92584296174443,Chennai,1419177.7206509744
538,Petrol,Convertible,11721,2018,X1,4,347,21.440674710172974,Jaipur,759670.5677052042
539,Diesel,Hatchback,192226,2014,X1,3,446,10.191263596588533,Jaipur,1175425.706371726
540,Electric,Coupe,25609,2007,Figo,1,213,22.540168977211604,Hyderabad,324409.29825861315
541,Diesel,Sedan,188202,2019,X1,2,425,10.40522043440714,Jaipur,546224.5714857684
542,Electric,Hatchback,135513,2016,Figo,4,190,13.355040989405794,Hyderabad,884499.0531882936
543,Diesel,Sedan,109211,2000,Civic,4,317,10.45344792886393,Bangalore,1353902.9612788158
544,Petrol,Convertible,191321,2011,A4,1,86,14.701808818550424,Kolkata,932706.1799408125
545,Hybrid,Sedan,184967,2018,Civic,4,123,17.194131359985803,Jaipur,1415844.5787526548
546,Petrol,Hatchback,141728,2014,Figo,3,122,21.153028166211932,Bangalore,880556.2758993556
547,Hybrid,Coupe,129865,2008,Figo,3,357,14.731741706577706,Hyderabad,888538.91608314
548,Diesel,Convertible,79520,2006,Civic,4,248,19.876860345423633,Jaipur,443696.14620063826
549,Electric,Hatchback,199812,2001,Corolla,1,179,12.625062399665724,Jaipur,1263187.4929826637
550,Petrol,Convertible,69309,2008,Corolla,1,295,20.508378394417768,Chennai,596358.494960475
551,Hybrid,SUV,34984,2009,Corolla,1,361,13.303952482729326,Bangalore,1379534.987246778
552,Petrol,Sedan,123947,2001,Figo,0,109,12.00962658321275,Delhi,1392989.0643964754
553,Hybrid,SUV,10901,2018,X1,4,328,12.59572390523676,Delhi,1431972.1342489796
554,Petrol,Hatchback,167624,2010,Figo,1,152,12.548883804345977,Chennai,924276.586923708
555,Hybrid,Coupe,36055,2012,X1,3,345,17.180080311277877,Hyderabad,1112512.5417403732
556,Hybrid,Convertible,173757,2009,Civic,2,369,21.827166136634045,Delhi,1234219.0560739962
557,Diesel,Sedan,150788,2013,A4,2,390,11.114471077895079,Delhi,457217.5423805587
558,Hybrid,Convertible,119099,2017,X1,1,200,19.89738845890792,Kolkata,1021148.6339969967
559,Diesel,Hatchback,16138,2018,Corolla,2,206,19.160850435140006,Bangalore,341157.481563974
560,Hybrid,Convertible,171370,2021,Figo,2,255,22.21527932561107,Hyderabad,897079.3000664711
561,Electric,Sedan,187184,2008,Civic,0,228,13.4180658470967,Jaipur,485811.2179442729
562,Electric,Hatchback,28429,2006,Corolla,3,246,16.301538021590414,Bangalore,519507.51115450164
563,Electric,Convertible,55200,2002,Civic,3,272,22.961583242209244,Hyderabad,738057.0800311218
564,Hybrid,Coupe,184316,2019,A4,0,138,19.239908301894438,Delhi,818924.6000598036
565,Diesel,Hatchback,106268,2005,Figo,0,336,15.442757780062356,Kolkata,1047806.9094386247
566,Diesel,Hatchback,22347,2020,Figo,2,483,11.839773359973758,Bangalore,389314.1021262188
567,Hybrid,Coupe,152992,2001,A4,4,325,13.674790110608274,Delhi,904430.1134849335
568,Electric,SUV,36822,2005,Figo,2,285,18.137016684851368,Hyderabad,519150.15630372136
569,Electric,Sedan,182731,2002,X1,0,232,20.054351265847192,Bangalore,988770.2100380902
570,Diesel,SUV,45108,2015,Civic,3,258,11.74190641592651,Jaipur,1064885.53471342
571,Electric,Convertible,133955,2007,Corolla,2,179,18.394361640616758,Bangalore,968051.1078634246
572,Petrol,Coupe,12967,2001,A4,4,202,17.704917903742512,Delhi,1185954.6125739692
573,Diesel,SUV,115719,2016,X1,2,62,17.195376253669913,Bangalore,702731.0930890816
574,Electric,Hatchback,16871,2008,Corolla,1,171,19.66172364754811,Jaipur,1218127.9099597572
575,Diesel,Convertible,169685,2011,Corolla,2,408,21.724294331168466,Kolkata,819320.4980498324
576,Petrol,Convertible,33179,2002,A4,0,269,14.521855564476157,Kolkata,881021.3979871161
577,Diesel,SUV,188260,2010,X1,3,155,22.44617066155343,Delhi,1077722.5527132857
578,Diesel,SUV,60099,2000,Corolla,3,424,12.248870576659709,Hyderabad,322030.0607990688
579,Diesel,Coupe,40262,2022,Corolla,0,119,12.422334176516301,Delhi,1084793.065704298
580,Diesel,Sedan,83213,2012,X1,1,244,13.734808890734936,Kolkata,1042302.1788865385
581,Petrol,SUV,122407,2014,Figo,0,235,11.673432173659089,Chennai,671816.5401039359
582,Hybrid,SUV,154340,2004,Corolla,2,148,13.224469145560287,Chennai,402953.1418793874
583,Diesel,Hatchback,91269,2020,Civic,0,131,11.489764680639825,Bangalore,409122.53989564936
584,Diesel,Convertible,65545,2016,X1,0,124,21.504533837795464,Jaipur,1407868.4963822742
585,Electric,Sedan,44922,2022,Corolla,1,423,11.945565886412744,Bangalore,1127135.1854710046
587,Electric,Coupe,102033,2005,Civic,4,241,10.670794150786673,Kolkata,728067.8031706876
588,Hybrid,Coupe,109792,2020,Corolla,4,374,23.279284585194812,Bangalore,1010979.5926819157
589,Petrol,SUV,191749,2021,Civic,3,263,19.956241225388727,Delhi,1302686.0461087786
590,Petrol,SUV,185913,2010,Civic,0,364,10.095151680205564,Jaipur,352393.1144556102
591,Hybrid,Coupe,182404,2017,Figo,3,493,20.693991002802996,Delhi,583959.7577640107
592,Petrol,SUV,124863,2003,Civic,1,431,17.197146890726593,Jaipur,1367698.788354456
593,Hybrid,Sedan,161104,2002,Figo,4,416,20.911112384691677,Kolkata,310998.66022057977
594,Hybrid,SUV,173918,2012,X1,0,367,17.314955324468237,Bangalore,541678.9233526649
595,Hybrid,Convertible,195546,2022,Figo,1,193,18.974348006894964,Jaipur,1450829.011167559
596,Petrol,SUV,49936,2008,A4,1,433,21.008643175530565,Delhi,1036082.2158266053
597,Electric,Hatchback,165866,2020,Corolla,0,265,15.671512764229995,Bangalore,614005.6399650078
598,Hybrid,Sedan,197660,2005,X1,1,410,10.037914097486329,Bangalore,380389.31327501714
599,Diesel,Hatchback,186403,2011,X1,0,373,21.899250943232637,Delhi,333829.6085366666
600,Petrol,Hatchback,33141,2001,A4,0,64,15.332465076745276,Chennai,593694.0955643128
601,Hybrid,Convertible,145146,2002,Figo,2,266,16.94459816423216,Jaipur,1357782.9835066926
602,Hybrid,Sedan,142478,2002,Corolla,3,488,10.108732990155563,Delhi,799096.3851570114
603,Diesel,Sedan,102359,2011,Figo,1,84,16.88928814490137,Kolkata,1164400.0429991917
604,Electric,Sedan,128279,2014,Civic,1,232,23.810823622004214,Hyderabad,1401942.0424559494
605,Electric,Sedan,159363,2008,Figo,2,319,13.895747251462776,Delhi,789648.5539233799
606,Electric,Sedan,46568,2022,X1,2,482,15.535855783393293,Bangalore,529532.8452448765
607,Hybrid,Convertible,102539,2007,Corolla,2,407,19.620659950561475,Bangalore,920541.5170283034
608,Hybrid,SUV,51851,2010,Figo,4,149,21.407111345331224,Delhi,1389700.4244718254
609,Hybrid,Hatchback,59823,2015,Corolla,4,56,15.843482736085404,Hyderabad,1265249.2969652407
610,Petrol,Sedan,28312,2021,Corolla,4,79,14.335364185618095,Delhi,378995.81203578453
611,Diesel,SUV,179180,2003,Civic,0,354,23.129561199790942,Hyderabad,1131087.3600930981
612,Hybrid,SUV,170243,2000,Civic,1,193,19.480029533403368,Hyderabad,986277.0269507446
614,Diesel,Convertible,103723,2006,A4,0,281,10.96499029388508,Jaipur,446977.7002203567
615,Electric,Coupe,17411,2001,Corolla,1,228,16.769697911065165,Bangalore,940843.3358455879
617,Hybrid,SUV,151494,2004,X1,2,259,13.555786547267548,Hyderabad,792028.5440900916
618,Electric,Hatchback,178540,2006,Corolla,2,269,22.287690503589875,Bangalore,878393.9012794405
619,Electric,Coupe,37371,2003,Corolla,0,129,11.25392434042835,Chennai,384552.8132003499
620,Hybrid,SUV,62022,2004,A4,2,132,20.015097613204453,Hyderabad,633772.3685386931
622,Electric,Coupe,104071,2000,Civic,2,322,20.644595099657927,Chennai,1434146.9384938644
623,Diesel,SUV,187268,2000,Figo,4,240,20.113759382489626,Kolkata,639200.8326493909
624,Petrol,SUV,101774,2014,A4,2,222,10.103486620220103,Bangalore,853042.4823235824
625,Diesel,Sedan,31715,2019,Civic,1,56,17.12789578090239,Chennai,1105565.3082771357
626,Petrol,Convertible,32605,2018,Figo,0,204,11.95047275329265,Delhi,494620.04688945285
627,Diesel,Sedan,104853,2009,Civic,3,59,22.127178428101473,Jaipur,883730.8645702493
628,Electric,Hatchback,36174,2017,Corolla,2,83,22.20220236007369,Delhi,1186246.8473710893
629,Electric,Sedan,146028,2002,Figo,1,85,15.856841304912614,Chennai,1340226.2556324792
630,Petrol,Sedan,81373,2010,Civic,3,458,16.221538658315126,Hyderabad,1051511.129594912
631,Hybrid,Coupe,74252,2014,Civic,3,55,14.24596115166338,Hyderabad,1102864.2183803376
632,Petrol,SUV,198021,2010,Civic,4,457,20.032488185440435,Bangalore,451540.16710148274
633,Petrol,Convertible,198718,2016,Figo,3,451,15.021259082370428,Delhi,1434931.7966956166
634,Diesel,Sedan,75017,2016,X1,1,264,13.749094643316873,Hyderabad,459088.8929813788
635,Diesel,Convertible,68037,2005,Figo,1,183,16.051234833063116,Hyderabad,1229607.5246181581
636,Petrol,Sedan,94818,2004,A4,2,334,11.280825257424421,Delhi,617779.5861339825
637,Electric,Hatchback,11548,2007,Figo,2,175,20.452444865018855,Kolkata,1420311.772441502
638,Diesel,Sedan,121981,2001,Civic,2,458,10.176349617805018,Hyderabad,1163951.4472433755
639,Hybrid,Coupe,159249,2015,Corolla,3,488,19.022790861288314,Jaipur,1204576.4555740426
640,Diesel,SUV,29022,2019,Figo,3,386,12.560103374568214,Chennai,562871.00767186
642,Hybrid,Sedan,141614,2011,Civic,2,201,18.89884798096056,Hyderabad,1041375.8335071437
643,Petrol,Convertible,65428,2005,Corolla,0,380,23.9012085209607,Jaipur,1223968.3418479213
644,Hybrid,Hatchback,158812,2000,Corolla,4,75,20.88804484701571,Jaipur,424751.2510948675
645,Petrol,Hatchback,64353,2003,A4,0,432,13.161754851127487,Hyderabad,1454838.379745434
646,Petrol,Sedan,118132,2016,Figo,3,164,12.464346570575874,Kolkata,1368264.8046654672
647,Petrol,Hatchback,192604,2012,Corolla,4,431,22.127260183747385,Chennai,624418.3085947012
648,Hybrid,Convertible,21052,2017,Corolla,4,333,16.21857527090106,Bangalore,1287312.2916387983
649,Petrol,Hatchback,105689,2004,X1,1,436,11.918739239594176,Hyderabad,921988.7076477881
652,Electric,SUV,136743,2002,A4,4,238,23.77468909456029,Jaipur,997162.303957911
653,Petrol,Hatchback,5163,2010,Corolla,3,127,22.736411613977573,Jaipur,1175866.9412443172
654,Diesel,SUV,46424,2012,Civic,4,484,21.92506474124758,Hyderabad,793119.4859553098
655,Petrol,Convertible,189816,2003,Figo,1,139,10.736041569354043,Hyderabad,1055063.0316099506
656,Electric,Hatchback,146706,2013,A4,4,225,11.461815172973653,Delhi,1139175.5053863646
657,Electric,Coupe,140870,2021,Civic,3,70,17.96576472025772,Kolkata,1153346.180418343
658,Hybrid,SUV,27420,2010,A4,3,103,17.440709447945494,Hyderabad,362359.3177574163
659,Diesel,Hatchback,125575,2009,Civic,4,233,16.411485002853496,Jaipur,1331697.3668220802
660,Hybrid,SUV,34300,2018,Figo,4,408,15.55505055580418,Bangalore,849903.9777180576
661,Electric,Hatchback,94881,2017,Figo,4,271,16.036946788100604,Chennai,614899.2980354573
662,Petrol,Sedan,15749,2005,X1,2,364,17.970171077887134,Bangalore,590117.408975618
663,Diesel,SUV,109131,2014,Civic,3,377,10.029071246401138,Kolkata,879616.9354127406
664,Petrol,Coupe,161193,2020,X1,3,228,13.64992283785993,Chennai,1364197.8473627511
665,Petrol,Coupe,133563,2009,Civic,2,325,17.255916089641957,Bangalore,754017.0980191764
666,Diesel,Convertible,42487,2004,X1,4,161,20.11102538143105,Bangalore,1199670.896140252
667,Hybrid,Hatchback,169433,2004,Figo,1,273,12.438193693535549,Delhi,416182.4771846623
668,Petrol,SUV,26223,2009,A4,4,263,17.656336433024062,Kolkata,871268.0425812742
669,Electric,Convertible,77930,2004,X1,4,108,20.002435574400945,Jaipur,1490023.3684712828
670,Petrol,SUV,150128,2002,Civic,2,376,16.224787210794666,Delhi,1224525.3633508044
671,Diesel,Hatchback,33380,2022,Civic,3,442,10.379135871380715,Chennai,552634.1861287355
672,Diesel,Coupe,31035,2005,Figo,4,158,16.289754218518915,Jaipur,901729.7684374929
673,Diesel,Sedan,35620,2003,Civic,3,434,14.150228428418144,Delhi,580349.7163782798
674,Hybrid,Coupe,155949,2017,Corolla,0,206,23.015094507818596,Kolkata,791473.1127150111
675,Petrol,Convertible,191388,2008,A4,3,240,11.744587399496583,Hyderabad,1236100.8284819578
676,Hybrid,Sedan,122360,2016,X1,1,249,19.134663377101248,Hyderabad,1225469.7783484845
677,Hybrid,Convertible,58352,2012,A4,1,361,10.738076728683016,Chennai,573720.4534828621
678,Diesel,Hatchback,166983,2014,Figo,4,245,16.24638612937775,Hyderabad,1406667.9817858322
679,Diesel,Sedan,168856,2019,X1,3,84,17.75571282108113,Delhi,1011081.8193177922
680,Hybrid,Convertible,8191,2016,X1,4,428,14.171369038436117,Chennai,755909.1491544174
681,Petrol,Hatchback,169232,2012,Corolla,2,436,16.37105889728538,Jaipur,902322.6969370327
682,Electric,Coupe,95536,2015,Figo,1,295,12.289753123422624,Kolkata,1026085.5041252924
683,Hybrid,Hatchback,109576,2021,Civic,4,286,14.257733892552507,Chennai,971868.6382149425
684,Petrol,SUV,185795,2003,Corolla,2,153,18.695488548742844,Jaipur,883686.0426434139
685,Diesel,Hatchback,8631,2004,Corolla,4,56,14.225200782056172,Chennai,905919.3649072801
686,Diesel,Hatchback,142244,2004,A4,3,332,22.596403097724206,Bangalore,511694.2925134634
687,Petrol,SUV,47080,2008,A4,3,50,18.797697406973857,Bangalore,1275279.485165615
688,Electric,Convertible,95353,2016,A4,3,268,16.141086258103783,Chennai,950112.3839292184
689,Diesel,Convertible,156353,2012,Corolla,3,279,10.542597097758554,Hyderabad,457295.8340456437
690,Diesel,Hatchback,33671,2001,Civic,0,221,16.9936766928654,Bangalore,1219388.5218993337
691,Diesel,SUV,127811,2012,X1,2,136,20.70686738975125,Kolkata,1418932.774052821
692,Petrol,SUV,187503,2021,A4,2,90,13.71780637217379,Jaipur,1436768.2790843544
693,Hybrid,Coupe,132734,2020,Civic,3,172,21.29482997508274,Delhi,742821.2788934073
694,Diesel,Convertible,164674,2022,Figo,0,380,13.52529472471234,Bangalore,462620.24827290484
695,Hybrid,Sedan,56399,2018,A4,3,347,21.532449431311207,Chennai,922079.5519596782
696,Electric,Convertible,159544,2002,X1,0,422,11.193756782563483,Hyderabad,435131.07521906483
697,Diesel,Convertible,185302,2009,Figo,3,466,22.126571924166413,Delhi,1420784.9022151406
698,Diesel,Coupe,12099,2001,Figo,1,227,16.988610313066626,Jaipur,520295.5528261752
699,Electric,Sedan,161503,2012,X1,1,112,14.151526254683668,Jaipur,603319.0319413969
700,Diesel,Coupe,61492,2018,A4,4,214,13.711585505812083,Bangalore,787963.8322619644
701,Hybrid,Sedan,101722,2016,Corolla,3,236,16.048147825025076,Jaipur,759797.3622709509
702,Petrol,Hatchback,183756,2020,X1,2,432,23.986692973451028,Jaipur,1253595.4708774667
703,Hybrid,Sedan,35111,2013,X1,4,258,13.084583508126155,Hyderabad,847580.1846611549
704,Petrol,Coupe,68936,2011,X1,1,276,11.445033084305994,Hyderabad,504921.91200400423
705,Petrol,Convertible,158686,2020,Figo,3,481,18.190492362061267,Hyderabad,620651.8745832889
706,Hybrid,Sedan,178063,2011,Civic,4,438,16.839594530163602,Chennai,910936.0622250264
707,Hybrid,Sedan,65920,2010,Corolla,3,97,17.338747794886302,Jaipur,476944.70091136184
708,Hybrid,SUV,68530,2006,A4,1,273,19.337095845801038,Jaipur,1033986.8107752169
709,Hybrid,Convertible,172296,2003,A4,4,52,13.74001697818909,Jaipur,978896.7678613751
710,Electric,Hatchback,12788,2018,Civic,1,421,22.749309935374438,Kolkata,1157642.7796587092
711,Diesel,Coupe,33082,2000,X1,0,224,16.099408925712066,Hyderabad,1425245.5384552411
713,Hybrid,Convertible,94570,2002,A4,3,148,20.39218259427522,Bangalore,1435290.7416825977
714,Hybrid,Sedan,106015,2012,A4,2,165,19.0034609366499,Delhi,593658.7164284411
715,Hybrid,Sedan,88588,2014,X1,1,319,14.42040763477652,Chennai,457878.36796722555
716,Electric,Convertible,152603,2001,Civic,2,496,18.70126213647668,Chennai,662732.0405957382
717,Hybrid,Sedan,93340,2010,Corolla,0,417,13.078067389165676,Jaipur,1374102.2073195775
718,Hybrid,Sedan,99439,2003,Civic,4,302,16.227751030767415,Delhi,1466464.1695481858
719,Hybrid,Sedan,180929,2018,Civic,4,366,22.591775310342555,Jaipur,1331189.9412845713
720,Diesel,Coupe,146214,2016,Corolla,2,464,11.869479264250492,Kolkata,432021.2653530523
721,Electric,Coupe,120053,2002,Corolla,4,144,15.413750299824468,Chennai,1436913.5976717519
722,Hybrid,SUV,53355,2017,A4,1,322,21.495993946084862,Chennai,808029.6328209431
723,Petrol,Hatchback,145938,2007,A4,2,429,23.572872591686494,Delhi,311172.3489148244
724,Petrol,Convertible,130426,2021,Corolla,3,73,16.354965909905143,Chennai,830872.4888978323
726,Electric,Convertible,193978,2018,A4,1,200,18.010407464972776,Kolkata,952653.5053933411
727,Electric,SUV,164210,2004,Figo,1,387,23.05287398287195,Kolkata,706264.8329244616
728,Petrol,Coupe,97601,2006,Corolla,3,99,22.014895073678417,Bangalore,868121.9203128585
729,Hybrid,SUV,34956,2020,A4,0,255,12.388415744703021,Kolkata,1035804.4328917405
730,Electric,Convertible,109797,2007,Civic,4,384,16.11460944985905,Kolkata,1342561.3149813842
731,Petrol,Hatchback,129917,2004,Corolla,2,128,16.496005994749968,Bangalore,1094281.8917663144
732,Petrol,Sedan,131303,2016,X1,0,119,21.047345563082594,Jaipur,820858.6421738169
733,Hybrid,Coupe,141511,2004,Figo,2,76,18.440500356476093,Hyderabad,1283313.4244044381
734,Diesel,Coupe,183313,2003,Corolla,4,320,19.15908646840618,Chennai,1386698.5650877587
735,Electric,SUV,47533,2021,Corolla,3,99,23.974798707318648,Kolkata,443711.9597186367
736,Hybrid,Coupe,164342,2018,A4,1,341,11.049440608580182,Chennai,938319.5730633497
737,Petrol,Convertible,83815,2020,A4,1,296,13.122137529472262,Delhi,641414.351690933
738,Petrol,Convertible,44279,2001,A4,3,313,15.710543123201656,Chennai,356473.4374523369
739,Hybrid,SUV,114787,2010,X1,0,128,14.86895364268442,Jaipur,1102256.0341367824
740,Electric,Convertible,159960,2021,A4,0,436,10.30303785885777,Bangalore,1335324.9329510708
741,Diesel,Hatchback,153702,2012,Corolla,2,239,11.284886490596461,Chennai,495483.18537287286
742,Diesel,SUV,66063,2014,A4,3,96,19.533346079650066,Chennai,1274896.3891486805
743,Petrol,Hatchback,132896,2011,Civic,0,410,22.31054248707585,Chennai,1324074.88024433
744,Electric,Sedan,171216,2021,A4,3,403,17.199178157723686,Hyderabad,1397208.5311997803
745,Diesel,Hatchback,188233,2020,X1,4,401,17.54867511319086,Hyderabad,618342.1069032629
746,Electric,Sedan,187051,2021,Civic,1,238,13.571308059653312,Delhi,1384743.6782278672
747,Electric,Sedan,102661,2010,Corolla,1,465,20.75026909087196,Bangalore,684795.3056837188
748,Petrol,Hatchback,143051,2006,Corolla,1,305,20.52512422314159,Chennai,962805.6161466034
749,Diesel,SUV,162261,2004,Figo,3,271,18.237119649047195,Chennai,360608.96499873855
750,Hybrid,Convertible,178672,2016,Civic,3,421,12.9773000111588,Chennai,352657.30604249233
752,Diesel,Sedan,128257,2019,Civic,1,318,10.899340061999762,Hyderabad,833375.9735733493
753,Diesel,Sedan,197630,2008,Civic,2,50,18.29774493300029,Jaipur,607550.8504430611
754,Diesel,SUV,91205,2013,X1,1,83,21.5504944679992,Jaipur,528496.1952298923
755,Diesel,Coupe,11910,2011,Figo,2,495,22.01662604493295,Delhi,1103944.1890310617
756,Diesel,Hatchback,193785,2005,X1,2,128,16.490709040808298,Kolkata,300481.85283040785
757,Electric,Sedan,51857,2016,Civic,4,285,20.979798190294037,Bangalore,1267069.4030362251
758,Petrol,Convertible,39964,2018,Corolla,2,383,23.25632274877433,Jaipur,395099.5273559146
759,Electric,SUV,161299,2018,Civic,3,426,13.852381574832952,Chennai,529787.5378897433
760,Hybrid,Hatchback,142050,2015,X1,2,398,15.5714448493306,Jaipur,763483.6743589075
761,Diesel,SUV,22153,2011,Figo,1,147,23.04070589635353,Delhi,881830.4876593243
762,Petrol,Hatchback,64765,2011,Figo,2,131,14.73523354244199,Kolkata,725994.1389767302
763,Diesel,Hatchback,113212,2019,X1,0,464,22.794268064505147,Jaipur,684854.5979811526
764,Petrol,Sedan,44071,2005,Figo,1,241,23.73462807156252,Delhi,1456699.2144878262
765,Electric,SUV,117990,2022,A4,0,302,19.265350200041944,Hyderabad,1069895.6174920732
766,Petrol,SUV,74519,2003,Corolla,1,458,21.43646405305836,Kolkata,328119.54644086584
767,Hybrid,Convertible,14503,2005,Corolla,3,87,20.49363789909519,Delhi,816211.0901331758
768,Hybrid,Convertible,196775,2010,Corolla,3,63,19.793479606617332,Jaipur,1350010.4396927643
769,Petrol,Sedan,100457,2000,Figo,3,441,14.297035021737255,Hyderabad,661747.4236928015
771,Petrol,Coupe,152977,2022,Civic,4,359,14.802724255275109,Delhi,1210061.7259079013
772,Petrol,Convertible,50838,2014,Civic,1,435,19.33710379285469,Jaipur,1027216.5983232976
773,Hybrid,Hatchback,130200,2010,Corolla,3,258,11.43540877518922,Kolkata,984375.0093918047
774,Diesel,SUV,194351,2018,A4,1,406,10.166851761695389,Hyderabad,364291.8715288895
775,Petrol,Sedan,94489,2017,Civic,0,138,11.95569321644114,Chennai,468598.81175462075
776,Petrol,SUV,31806,2016,Civic,4,105,20.020302969751135,Bangalore,1047059.2754557366
777,Hybrid,SUV,181072,2018,Figo,0,143,23.619111823190217,Kolkata,549388.609750603
778,Hybrid,Coupe,158240,2020,A4,1,142,23.762905794607487,Hyderabad,904884.0956981092
779,Electric,Convertible,75119,2013,Corolla,4,389,16.91570808796263,Delhi,953858.0232352722
780,Petrol,Sedan,43714,2017,Civic,4,134,22.17093221389286,Hyderabad,640208.6283251273
781,Electric,SUV,190165,2018,A4,0,494,20.31557038052106,Bangalore,1438110.1866497914
782,Hybrid,Sedan,60419,2014,A4,3,294,17.01456331778445,Jaipur,1310956.92820269
783,Hybrid,Hatchback,185217,2014,Corolla,1,71,18.018647461371216,Bangalore,1166848.2091593582
784,Diesel,Coupe,110432,2003,A4,2,340,11.921180052636196,Chennai,393592.6396912909
785,Petrol,Hatchback,97949,2006,A4,2,321,23.12726044863229,Chennai,427356.02317082335
786,Electric,Sedan,138533,2012,A4,0,355,14.927016790244874,Bangalore,891337.6150379468
787,Hybrid,Sedan,150363,2002,Civic,1,171,16.246089590400373,Kolkata,492856.01902918285
788,Hybrid,Convertible,182876,2015,Corolla,1,177,19.40324323397058,Kolkata,1473918.5562353688
789,Electric,SUV,81971,2008,A4,0,162,14.674634601371755,Delhi,490224.28083289135
790,Diesel,SUV,98471,2007,A4,1,476,13.559628253845027,Chennai,884961.4025567687
791,Hybrid,Hatchback,69946,2019,Civic,3,322,18.834691505783088,Delhi,736945.2682098065
792,Petrol,Coupe,103989,2012,Corolla,0,385,10.349777151945892,Chennai,1067263.7057449175
793,Hybrid,SUV,89080,2016,Figo,3,491,20.090151568373503,Bangalore,454843.6906673099
794,Petrol,Convertible,197404,2016,Civic,1,179,17.196327178271137,Kolkata,816379.7136508691
795,Electric,Hatchback,82794,2016,Corolla,0,181,18.48055222729308,Kolkata,629646.0393685724
796,Petrol,Hatchback,35841,2000,A4,1,134,18.84632222945639,Bangalore,1365301.8296060257
797,Electric,Convertible,129447,2007,Corolla,0,472,17.378702190895893,Delhi,348702.8545616341
798,Petrol,Coupe,125029,2018,Corolla,1,399,18.155472884170305,Delhi,1396472.992807751
799,Electric,Convertible,184830,2005,Corolla,3,439,19.573034812458246,Hyderabad,1299592.9662636006
800,Petrol,Coupe,81272,2002,Figo,3,130,20.543663860515437,Chennai,657084.8597289785
801,Diesel,Convertible,42643,2004,Corolla,1,374,20.184333478005687,Delhi,1247148.7856125257
802,Petrol,Convertible,186480,2012,Figo,0,118,22.174630408251666,Bangalore,337456.27240649704
803,Petrol,Sedan,48950,2014,A4,2,197,12.65220806434364,Delhi,1460238.6603520722
804,Diesel,Hatchback,192921,2013,Figo,3,497,15.616071572885165,Kolkata,931913.9311077473
805,Hybrid,Convertible,105500,2022,A4,3,65,23.2691449242024,Chennai,663937.2312785343
806,Hybrid,Convertible,164116,2015,A4,2,356,15.552268041408617,Jaipur,735099.8551136125
807,Petrol,SUV,130588,2017,Figo,1,154,11.748181076682917,Hyderabad,379686.42415259685
808,Diesel,Hatchback,20997,2021,Civic,0,214,17.35623176907051,Chennai,1487219.416850447
809,Petrol,SUV,84751,2021,X1,1,250,11.53287361576247,Kolkata,347150.3341808309
810,Electric,Hatchback,103605,2010,Corolla,4,246,12.839945342190113,Kolkata,1085888.5477774309
811,Electric,SUV,159983,2002,X1,3,475,23.976462591993396,Kolkata,831283.11324775
812,Petrol,Convertible,60533,2021,Corolla,4,234,17.57907693754585,Kolkata,1438699.461826458
813,Hybrid,Convertible,87566,2009,Corolla,3,371,13.976817446566006,Bangalore,595199.6883681542
814,Hybrid,Sedan,150643,2009,A4,3,314,23.926849364034688,Hyderabad,938504.1887256136
815,Petrol,SUV,113255,2020,Corolla,4,412,23.531824859772005,Jaipur,878827.4502993035
816,Petrol,Coupe,194013,2015,Corolla,4,149,16.17034657517969,Kolkata,1143439.7328601216
817,Electric,Sedan,63005,2011,Figo,1,391,13.645643523030717,Kolkata,381612.27834290464
818,Hybrid,SUV,194784,2001,X1,4,369,21.73759493329066,Delhi,532546.9560280258
819,Petrol,SUV,48541,2008,Figo,1,263,20.018690037605,Hyderabad,557477.7841114198
821,Hybrid,Convertible,98980,2002,A4,1,211,22.503592378514618,Hyderabad,526966.4355920881
823,Electric,Convertible,90457,2014,Figo,3,206,13.973171202581689,Jaipur,558292.5846011444
824,Hybrid,Sedan,149129,2002,Civic,4,471,19.71408426626025,Hyderabad,1333949.9401007742
825,Hybrid,Convertible,69028,2018,Corolla,3,300,14.281389157971295,Jaipur,1430622.5453875663
826,Electric,Hatchback,124246,2017,A4,4,415,20.62934571519793,Kolkata,922191.5699306886
827,Diesel,Coupe,60731,2007,Figo,3,146,18.676469962881924,Kolkata,722770.661051014
828,Electric,SUV,160930,2016,Figo,0,67,11.083761727786507,Bangalore,580869.330020999
829,Hybrid,Coupe,184761,2007,A4,0,376,17.17969507409199,Jaipur,359737.2018276525
830,Petrol,Convertible,49638,2006,Corolla,4,498,14.806213568740374,Jaipur,622200.0914369945
831,Petrol,SUV,182558,2006,Civic,3,432,14.59998885825212,Chennai,1085082.9359343816
832,Electric,Convertible,25567,2002,Figo,3,146,18.4315882332816,Delhi,940340.317571053
833,Hybrid,Hatchback,165811,2000,Civic,1,50,14.512547542571948,Hyderabad,1432849.533937113
834,Petrol,Sedan,62804,2003,X1,2,265,20.876512474868218,Chennai,775532.7149900408
835,Hybrid,SUV,113821,2004,Corolla,4,181,10.991080104156442,Jaipur,1132636.0107940733
836,Electric,Hatchback,8754,2000,X1,2,309,19.245435533541556,Chennai,887187.2969701457
837,Petrol,Hatchback,32044,2014,X1,2,174,21.32872725119438,Bangalore,915091.459109054
838,Hybrid,SUV,72260,2004,X1,4,131,19.41964365888602,Delhi,621329.177524941
839,Petrol,Convertible,71912,2012,Corolla,3,332,16.961208730279942,Jaipur,845940.9322103997
840,Electric,Hatchback,13706,2007,Corolla,4,220,23.304298192306536,Jaipur,864941.9964152487
841,Hybrid,Coupe,13894,2007,A4,2,108,14.19913885717289,Hyderabad,1147971.0260987207
842,Petrol,Hatchback,154109,2004,Civic,3,81,10.26835042534969,Delhi,1428767.9990233367
843,Electric,Convertible,88986,2008,Civic,0,210,16.04785120048817,Bangalore,695185.5329790051
844,Petrol,Convertible,86942,2000,A4,4,333,10.462167102604582,Kolkata,350640.5622975581
845,Petrol,Coupe,187684,2003,A4,4,155,23.355114535369722,Chennai,895554.1506007677
846,Diesel,Hatchback,34725,2002,X1,3,154,12.93885264047272,Hyderabad,953353.5985790023
847,Diesel,Convertible,141998,2001,A4,0,488,21.044978335284313,Jaipur,502128.66135829827
848,Electric,SUV,109555,2007,Figo,0,277,20.844009164441108,Kolkata,1212557.5275312802
849,Diesel,Sedan,14496,2022,Civic,3,237,13.048204595561069,Bangalore,1481914.93012979
850,Electric,Sedan,61447,2008,A4,1,119,18.697171426722342,Delhi,1434929.6604101532
851,Diesel,Sedan,106604,2001,Figo,4,367,10.673105558810303,Chennai,536527.2465883826
852,Petrol,Hatchback,165878,2013,Figo,4,339,16.770044199854144,Hyderabad,1350435.8878809127
853,Electric,Coupe,93199,2013,Figo,2,136,10.205059781814814,Jaipur,1145392.3636940217
854,Electric,Convertible,46321,2003,Figo,3,419,22.896014322531784,Jaipur,844615.8765682939
855,Petrol,SUV,158728,2005,X1,2,411,23.665204338794005,Kolkata,948733.1931896749
856,Electric,SUV,60147,2010,Figo,2,105,13.111958732940193,Kolkata,1319520.2099789497
857,Electric,Hatchback,96396,2002,X1,0,162,12.913484484349219,Chennai,876161.9275660478
858,Diesel,Sedan,185738,2007,X1,4,62,20.552082471869817,Delhi,747848.8429261523
859,Electric,Hatchback,43787,2002,Figo,2,489,13.547311583610682,Bangalore,891896.991631183
860,Hybrid,Coupe,199018,2013,Civic,0,67,22.53107182826583,Delhi,994955.7648420589
861,Petrol,Coupe,26727,2012,Figo,3,231,18.035007905721752,Delhi,526893.1845340186
862,Diesel,Convertible,100081,2012,Figo,2,162,14.910886722144369,Delhi,1381089.2763203888
863,Diesel,Convertible,127721,2001,Figo,4,278,21.65771244889188,Chennai,1109024.3385955365
864,Hybrid,Coupe,73056,2012,Civic,2,220,16.90769380578753,Chennai,1059922.7008049865
865,Petrol,Coupe,139153,2018,Corolla,3,344,22.76286079191866,Bangalore,419395.47141676577
866,Petrol,Coupe,170268,2005,Corolla,2,238,22.992199314211334,Delhi,1025008.7258071102
867,Diesel,Hatchback,172807,2015,X1,4,475,12.31588212979773,Chennai,445152.7946861908
868,Electric,Coupe,85102,2001,X1,0,128,10.032527685847024,Bangalore,394437.2102344789
869,Diesel,SUV,161570,2007,Civic,4,195,23.775033161993633,Jaipur,932773.074770872
870,Petrol,Sedan,81865,2016,A4,0,456,22.68592550578471,Bangalore,783342.640855794
871,Hybrid,Coupe,167728,2022,Corolla,1,231,10.77623329985378,Delhi,1006572.3241874679
872,Diesel,Sedan,72695,2001,X1,4,335,21.66247969517498,Hyderabad,407066.6016686863
873,Petrol,Hatchback,173972,2009,Corolla,4,299,16.409269055828894,Delhi,817179.6754167101
874,Diesel,Sedan,122235,2015,Civic,3,403,13.625462470349653,Hyderabad,509744.05805418955
875,Electric,Hatchback,183773,2005,Civic,2,363,22.302451331477016,Bangalore,1484520.10310894
876,Diesel,SUV,113777,2001,A4,0,245,12.753341253464303,Jaipur,973380.2549222093
877,Diesel,Hatchback,24033,2001,A4,0,372,23.262199991880937,Jaipur,1124924.2331290408
878,Petrol,Hatchback,146877,2012,Civic,3,120,12.878700827790775,Chennai,690501.9368191294
880,Petrol,Coupe,31832,2014,Corolla,2,195,13.123208683405649,Kolkata,1471045.035340244
881,Diesel,Coupe,199509,2001,Figo,2,155,17.639361309560886,Bangalore,643510.8424598199
882,Electric,SUV,120725,2006,A4,4,312,19.575651818811977,Chennai,808569.822208289
883,Hybrid,SUV,150016,2002,Figo,1,345,12.663191031481926,Jaipur,1079836.70604309
884,Hybrid,Coupe,24873,2007,X1,2,119,17.29240095780951,Bangalore,329636.7572233335
885,Petrol,Convertible,45372,2022,A4,3,242,16.566836421461666,Delhi,1272310.9566207444
886,Petrol,Coupe,94464,2013,Figo,2,117,10.994523899646778,Jaipur,943893.8280343444
888,Hybrid,SUV,122322,2022,Corolla,1,101,14.699553608999784,Bangalore,373929.5823509631
889,Petrol,Sedan,172823,2021,X1,4,419,18.044150765726314,Chennai,494998.0985693297
890,Electric,SUV,105082,2006,A4,0,412,17.20697928906388,Delhi,1374040.6306241243
891,Electric,SUV,10110,2020,Civic,0,334,17.185647063986192,Kolkata,1123229.0687230693
892,Petrol,Hatchback,190413,2006,Corolla,1,454,11.501113518918824,Delhi,599882.0659642678
893,Petrol,Hatchback,17087,2000,Figo,4,383,15.928748129490659,Jaipur,378720.9179340354
894,Hybrid,Hatchback,159834,2016,A4,3,58,16.333134628891983,Hyderabad,1128738.3748639636
895,Hybrid,Hatchback,87617,2008,Civic,4,300,20.270999765102278,Delhi,986889.2711613182
896,Diesel,Convertible,105483,2020,X1,2,480,21.76026364688978,Kolkata,785423.4293498821
897,Hybrid,Coupe,14596,2012,Civic,0,381,17.629751893400254,Chennai,736333.7390280766
898,Electric,Sedan,112539,2020,A4,2,347,11.214961356909868,Bangalore,560177.1311149299
899,Electric,SUV,23313,2018,A4,3,484,13.315892588351648,Hyderabad,1103533.5078450213
900,Petrol,Convertible,118175,2020,Civic,2,233,12.309076375938234,Kolkata,1464801.6333526445
901,Hybrid,Sedan,119914,2018,X1,4,228,11.744610884647747,Jaipur,510858.295004191
902,Diesel,Convertible,28705,2021,Civic,2,247,15.122590180649306,Jaipur,1016539.944018604
903,Electric,Convertible,78445,2016,A4,3,177,13.211509030161348,Jaipur,809022.0668951714
904,Electric,SUV,108892,2022,A4,3,69,13.056243565361171,Hyderabad,836026.4660935978
905,Diesel,Coupe,7023,2022,Figo,3,460,10.765704444067747,Delhi,604976.7361533772
906,Diesel,Hatchback,124654,2009,Figo,4,471,10.247380627136074,Hyderabad,1290161.850793703
907,Electric,Coupe,195868,2009,Corolla,3,377,11.438755397096944,Jaipur,882306.7249766893
908,Electric,SUV,85073,2003,A4,0,114,12.410764711930863,Kolkata,952087.022637917
909,Diesel,SUV,97197,2007,Figo,3,231,16.033772203874843,Bangalore,665713.0953567909
910,Electric,SUV,69429,2021,Civic,2,290,17.147283658183824,Bangalore,518170.1588003397
911,Petrol,Sedan,109195,2019,X1,2,418,11.968286854427118,Hyderabad,403092.4658433846
912,Petrol,Coupe,197699,2019,Civic,2,73,15.946966781338608,Jaipur,1156942.9691098991
913,Diesel,Coupe,38848,2017,X1,4,433,14.784483792562982,Chennai,535481.1380254268
914,Hybrid,Convertible,173876,2013,Figo,2,480,12.567931008971385,Hyderabad,1128090.4250265574
915,Diesel,Convertible,151451,2017,Corolla,4,132,10.09577047407709,Jaipur,768451.7352563447
916,Diesel,Convertible,195736,2013,Civic,4,368,16.538250131304384,Delhi,798929.7611875818
917,Hybrid,SUV,32766,2019,Civic,3,234,19.599124489712793,Bangalore,863012.995311326
918,Hybrid,Coupe,73099,2020,Civic,0,488,13.1678826780133,Bangalore,741250.2097530519
920,Petrol,Sedan,74122,2014,Figo,3,148,22.418598422257467,Chennai,671558.172003415
921,Electric,Convertible,152159,2021,Civic,4,111,13.85034681482917,Jaipur,1096481.232832726
922,Petrol,SUV,53868,2003,Civic,4,335,13.130576677097306,Jaipur,1098941.281762645
923,Electric,SUV,124119,2012,Corolla,2,71,21.99935715453882,Jaipur,643469.1686879932
924,Petrol,Sedan,159297,2022,Corolla,2,261,21.43949938833466,Jaipur,852123.1518692255
925,Electric,Hatchback,100286,2007,Figo,3,175,16.27685058734487,Chennai,532136.673614325
926,Petrol,Coupe,11643,2017,Figo,1,462,16.849344059988844,Kolkata,552446.497835803
927,Hybrid,Hatchback,41727,2011,A4,1,474,13.048481867676308,Hyderabad,327656.5060879289
928,Diesel,Convertible,147077,2022,Corolla,2,91,11.096223386713804,Hyderabad,1376095.8598892936
929,Petrol,SUV,114079,2013,A4,1,147,18.028045554979254,Jaipur,552847.9980898874
930,Electric,Sedan,70697,2001,X1,2,498,11.376828902262984,Delhi,573040.6523237559
931,Hybrid,Sedan,21029,2017,A4,4,80,16.2898436573931,Bangalore,635521.7191741582
933,Petrol,Hatchback,199718,2001,A4,0,161,23.33968144838818,Delhi,1067115.4598176354
934,Hybrid,Coupe,196675,2010,Figo,3,451,13.350652011663021,Delhi,390171.54381310387
935,Petrol,SUV,164803,2008,X1,2,296,18.73758788063916,Jaipur,461042.9115916203
936,Diesel,Coupe,114458,2011,Civic,2,171,16.637067697510005,Chennai,1073708.0719081115
937,Petrol,Sedan,115384,2016,A4,3,322,22.259591786205483,Hyderabad,707592.7445777312
938,Diesel,Sedan,73926,2014,X1,2,343,13.800032099864746,Bangalore,1149537.3920414269
939,Diesel,Convertible,142069,2016,X1,1,447,10.051833695653835,Hyderabad,968909.6936041705
940,Hybrid,Convertible,60506,2017,Civic,1,256,12.275856883039811,Delhi,607225.4076738157
941,Petrol,SUV,83229,2021,A4,2,159,14.893319216371573,Bangalore,1080993.5405871938
942,Hybrid,Hatchback,185887,2005,X1,2,489,14.42009581678684,Kolkata,439528.4163514568
943,Petrol,Coupe,47092,2016,X1,1,327,21.079080867720403,Delhi,943692.4596960365
944,Petrol,SUV,67539,2022,Corolla,2,105,19.527849325943727,Hyderabad,824577.7260540415
946,Petrol,Coupe,173933,2017,Corolla,3,452,16.40841344032699,Jaipur,1024805.9972874002
947,Hybrid,Convertible,18428,2007,A4,0,106,11.337827455416694,Hyderabad,1345600.3108083392
948,Diesel,Coupe,180006,2008,A4,1,477,22.57405022748141,Chennai,1498685.639715692
949,Petrol,Hatchback,146330,2005,A4,3,340,23.09594754227948,Delhi,1029315.3224921094
950,Electric,SUV,62775,2004,Figo,0,163,23.717249495333135,Bangalore,785647.0491950042
951,Hybrid,Coupe,10469,2011,A4,2,430,22.159739631001727,Hyderabad,570248.5202594419
952,Petrol,Sedan,33854,2010,X1,2,434,12.435452427747158,Jaipur,608515.3072741341
953,Hybrid,Sedan,142328,2000,Civic,3,357,10.646750764822803,Jaipur,875345.9737797189
954,Electric,Coupe,81256,2010,Corolla,2,390,18.114354183777436,Hyderabad,740733.241536851
955,Electric,Coupe,170009,2018,Figo,4,247,22.776470376363548,Chennai,1396577.427149933
956,Hybrid,Coupe,104134,2008,A4,3,470,12.4829190632364,Jaipur,741954.5611868515
957,Petrol,Sedan,137723,2001,A4,0,370,10.098600804737986,Bangalore,748133.5093745226
958,Diesel,Sedan,186360,2011,Civic,3,228,21.27694464445142,Delhi,760241.4149207724
959,Electric,Coupe,89730,2003,Civic,1,434,11.075139580014277,Kolkata,1303944.2524411897
960,Petrol,Convertible,161123,2003,Figo,3,268,15.791884446740426,Chennai,1080945.9850162822
961,Petrol,Convertible,32386,2017,Corolla,2,326,19.504422720642992,Jaipur,1037002.6203826712
962,Diesel,Hatchback,152256,2014,A4,2,486,13.31516619638652,Delhi,700971.6268606347
963,Electric,SUV,38787,2018,Figo,4,65,11.175475888254173,Kolkata,1281485.0121989273
964,Electric,Convertible,26621,2012,X1,4,428,20.780297198381604,Hyderabad,346036.63362684136
965,Petrol,Sedan,82984,2018,X1,4,110,18.82245118841858,Hyderabad,1344956.6068057357
966,Petrol,Convertible,195864,2016,Figo,0,103,23.838866782815266,Bangalore,915299.8797527155
967,Diesel,Hatchback,181325,2005,A4,4,217,14.82031246647943,Kolkata,777900.2818360954
968,Diesel,Hatchback,39051,2015,Figo,0,75,10.864673408062796,Hyderabad,896600.7368612228
970,Hybrid,Convertible,35447,2011,Civic,0,114,17.30426786394544,Jaipur,315318.51182147686
971,Electric,Sedan,133046,2018,Figo,3,149,12.98485503944789,Bangalore,1345862.2277498972
972,Petrol,Sedan,166326,2004,A4,3,123,20.94420584606663,Delhi,836087.4303736713
973,Electric,Coupe,89045,2016,Figo,2,241,12.852576801899213,Hyderabad,711559.8236400939
974,Hybrid,Sedan,121859,2022,Figo,0,220,13.649263167661111,Chennai,465894.6787608685
975,Diesel,SUV,193490,2000,A4,1,322,11.295399761134068,Chennai,827358.4492301305
977,Hybrid,Sedan,8471,2022,Corolla,3,236,15.865009135123865,Kolkata,784376.0333921734
978,Hybrid,Sedan,125312,2009,Figo,0,72,17.203865064876176,Bangalore,1114392.1125922767
979,Diesel,Coupe,144401,2014,X1,4,440,19.925499739732885,Jaipur,805075.8345110712
980,Hybrid,Sedan,170937,2022,Figo,1,477,22.685413001525962,Chennai,1453701.093415888
981,Hybrid,Coupe,51850,2020,Figo,3,230,11.928277384429322,Chennai,1019133.0213883102
982,Hybrid,Coupe,59220,2020,A4,2,376,10.760873376881198,Delhi,1268973.5227822908
983,Petrol,Sedan,98808,2010,Figo,0,157,10.259437270320666,Kolkata,431227.0837313746
984,Hybrid,Hatchback,142469,2012,Figo,1,384,12.010699292963427,Kolkata,776749.5515350868
985,Diesel,Hatchback,171597,2004,X1,0,211,19.211292800942765,Delhi,704217.2417365832
986,Hybrid,Coupe,58072,2000,A4,4,351,20.184679091950954,Chennai,983378.8657639101
988,Diesel,Hatchback,28284,2011,Civic,0,127,13.411914966660797,Chennai,394005.861314408
989,Hybrid,Sedan,197402,2010,Corolla,3,65,14.282527385661279,Kolkata,387089.7576536529
990,Diesel,Sedan,88369,2016,X1,2,376,16.763885037916992,Jaipur,1320381.2497891188
991,Hybrid,Sedan,30122,2003,Figo,3,145,10.88456335604317,Chennai,555420.1032460289
992,Diesel,Convertible,135349,2014,Civic,0,196,18.555981324957447,Bangalore,1102503.9053397765
993,Hybrid,Sedan,75553,2008,Figo,2,51,23.772290471460607,Hyderabad,951453.7588329662
994,Hybrid,Convertible,99788,2020,Figo,3,59,15.051288359292036,Chennai,1299472.3138646754
995,Petrol,Coupe,67812,2019,A4,4,483,20.539864651279373,Delhi,450106.6918036842
996,Petrol,Hatchback,12999,2018,A4,4,174,17.000474817974514,Hyderabad,455739.5588671336
997,Hybrid,Hatchback,27436,2018,A4,0,130,11.789365821045358,Delhi,968182.032333969
998,Hybrid,Hatchback,47963,2011,Civic,2,189,18.151324283236207,Delhi,1435654.384030045
999,Electric,Hatchback,138168,2004,Figo,1,375,14.198239758216909,Delhi,797997.3100449052
